Copyright 1986-2022 Xilinx, Inc. All Rights Reserved. Copyright 2022-2026 Advanced Micro Devices, Inc. All Rights Reserved.
------------------------------------------------------------------------------------------------------------------------------------------------------------------------------------------------------------------------------------------------------------------
| Tool Version : Vivado v.2026.1 (win64) Build 6511674 Tue Jun 16 11:02:23 MDT 2026
| Date         : Mon Sep 28 13:19:15 2026
| Host         : BOOK-SF3MGKKSOK running 64-bit major release  (build 9200)
| Command      : report_timing_summary -max_paths 10 -routable_nets -report_unconstrained -file lab3_character_lcd_timing_summary_routed.rpt -pb lab3_character_lcd_timing_summary_routed.pb -rpx lab3_character_lcd_timing_summary_routed.rpx -warn_on_violation
| Design       : lab3_character_lcd
| Device       : 7s75-fgga484
| Speed File   : -1  PRODUCTION 1.23 2018-06-13
| Design State : Routed
------------------------------------------------------------------------------------------------------------------------------------------------------------------------------------------------------------------------------------------------------------------

Timing Summary Report

------------------------------------------------------------------------------------------------
| Timer Settings
| --------------
------------------------------------------------------------------------------------------------

  Enable Multi Corner Analysis               :  Yes
  Enable Pessimism Removal                   :  Yes
  Pessimism Removal Resolution               :  Nearest Common Node
  Enable Input Delay Default Clock           :  No
  Enable Preset / Clear Arcs                 :  No
  Disable Flight Delays                      :  No
  Ignore I/O Paths                           :  No
  Timing Early Launch at Borrowing Latches   :  No
  Borrow Time for Max Delay Exceptions       :  Yes
  Merge Timing Exceptions                    :  Yes
  Inter-SLR Compensation                     :  Conservative

  Corner  Analyze    Analyze    
  Name    Max Paths  Min Paths  
  ------  ---------  ---------  
  Slow    Yes        Yes        
  Fast    Yes        Yes        


------------------------------------------------------------------------------------------------
| Report Methodology
| ------------------
------------------------------------------------------------------------------------------------

Rule       Severity  Description                    Violations  
---------  --------  -----------------------------  ----------  
TIMING-18  Warning   Missing input or output delay  10          

Note: This report is based on the most recent report_methodology run and may not be up-to-date. Run report_methodology on the current design for the latest report.



check_timing report

Table of Contents
-----------------
1. checking no_clock (0)
2. checking constant_clock (0)
3. checking pulse_width_clock (0)
4. checking unconstrained_internal_endpoints (0)
5. checking no_input_delay (1)
6. checking no_output_delay (10)
7. checking multiple_clock (0)
8. checking generated_clocks (0)
9. checking loops (0)
10. checking partial_input_delay (0)
11. checking partial_output_delay (0)
12. checking latch_loops (0)

1. checking no_clock (0)
------------------------
 There are 0 register/latch pins with no clock.


2. checking constant_clock (0)
------------------------------
 There are 0 register/latch pins with constant_clock.


3. checking pulse_width_clock (0)
---------------------------------
 There are 0 register/latch pins which need pulse_width check


4. checking unconstrained_internal_endpoints (0)
------------------------------------------------
 There are 0 pins that are not constrained for maximum delay.

 There are 0 pins that are not constrained for maximum delay due to constant clock.


5. checking no_input_delay (1)
------------------------------
 There are 0 input ports with no input delay specified.

 There is 1 input port with no input delay but user has a false path constraint. (MEDIUM)


6. checking no_output_delay (10)
--------------------------------
 There are 10 ports with no output delay specified. (HIGH)

 There are 0 ports with no output delay but user has a false path constraint

 There are 0 ports with no output delay but with a timing clock defined on it or propagating through it


7. checking multiple_clock (0)
------------------------------
 There are 0 register/latch pins with multiple clocks.


8. checking generated_clocks (0)
--------------------------------
 There are 0 generated clocks that are not connected to a clock source.


9. checking loops (0)
---------------------
 There are 0 combinational loops in the design.


10. checking partial_input_delay (0)
------------------------------------
 There are 0 input ports with partial input delay specified.


11. checking partial_output_delay (0)
-------------------------------------
 There are 0 ports with partial output delay specified.


12. checking latch_loops (0)
----------------------------
 There are 0 combinational latch loops in the design through latch input



------------------------------------------------------------------------------------------------
| Design Timing Summary
| ---------------------
------------------------------------------------------------------------------------------------

    WNS(ns)      TNS(ns)  TNS Failing Endpoints  TNS Total Endpoints      WHS(ns)      THS(ns)  THS Failing Endpoints  THS Total Endpoints     WPWS(ns)     TPWS(ns)  TPWS Failing Endpoints  TPWS Total Endpoints  
    -------      -------  ---------------------  -------------------      -------      -------  ---------------------  -------------------     --------     --------  ----------------------  --------------------  
     14.220        0.000                      0                  173        0.167        0.000                      0                  173        9.500        0.000                       0                    94  


All user specified timing constraints are met.


------------------------------------------------------------------------------------------------
| Clock Summary
| -------------
------------------------------------------------------------------------------------------------

Clock      Waveform(ns)       Period(ns)      Frequency(MHz)
-----      ------------       ----------      --------------
clk_50mhz  {0.000 10.000}     20.000          50.000          


------------------------------------------------------------------------------------------------
| Intra Clock Table
| -----------------
------------------------------------------------------------------------------------------------

Clock             WNS(ns)      TNS(ns)  TNS Failing Endpoints  TNS Total Endpoints      WHS(ns)      THS(ns)  THS Failing Endpoints  THS Total Endpoints     WPWS(ns)     TPWS(ns)  TPWS Failing Endpoints  TPWS Total Endpoints  
-----             -------      -------  ---------------------  -------------------      -------      -------  ---------------------  -------------------     --------     --------  ----------------------  --------------------  
clk_50mhz          14.220        0.000                      0                  173        0.167        0.000                      0                  173        9.500        0.000                       0                    94  


------------------------------------------------------------------------------------------------
| Inter Clock Table
| -----------------
------------------------------------------------------------------------------------------------

From Clock    To Clock          WNS(ns)      TNS(ns)  TNS Failing Endpoints  TNS Total Endpoints      WHS(ns)      THS(ns)  THS Failing Endpoints  THS Total Endpoints  
----------    --------          -------      -------  ---------------------  -------------------      -------      -------  ---------------------  -------------------  


------------------------------------------------------------------------------------------------
| Other Path Groups Table
| -----------------------
------------------------------------------------------------------------------------------------

Path Group    From Clock    To Clock          WNS(ns)      TNS(ns)  TNS Failing Endpoints  TNS Total Endpoints      WHS(ns)      THS(ns)  THS Failing Endpoints  THS Total Endpoints  
----------    ----------    --------          -------      -------  ---------------------  -------------------      -------      -------  ---------------------  -------------------  


------------------------------------------------------------------------------------------------
| User Ignored Path Table
| -----------------------
------------------------------------------------------------------------------------------------

Path Group    From Clock    To Clock    
----------    ----------    --------    
(none)                      clk_50mhz     


------------------------------------------------------------------------------------------------
| Unconstrained Path Table
| ------------------------
------------------------------------------------------------------------------------------------

Path Group    From Clock    To Clock    
----------    ----------    --------    
(none)        clk_50mhz                   


------------------------------------------------------------------------------------------------
| Timing Details
| --------------
------------------------------------------------------------------------------------------------


---------------------------------------------------------------------------------------------------
From Clock:  clk_50mhz
  To Clock:  clk_50mhz

Setup :            0  Failing Endpoints,  Worst Slack       14.220ns,  Total Violation        0.000ns
Hold  :            0  Failing Endpoints,  Worst Slack        0.167ns,  Total Violation        0.000ns
PW    :            0  Failing Endpoints,  Worst Slack        9.500ns,  Total Violation        0.000ns
---------------------------------------------------------------------------------------------------


Max Delay Paths
--------------------------------------------------------------------------------------
Slack (MET) :             14.220ns  (required time - arrival time)
  Source:                 power_count_reg[7]/C
                            (rising edge-triggered cell FDCE clocked by clk_50mhz  {rise@0.000ns fall@10.000ns period=20.000ns})
  Destination:            power_count_reg[28]/CE
                            (rising edge-triggered cell FDCE clocked by clk_50mhz  {rise@0.000ns fall@10.000ns period=20.000ns})
  Path Group:             clk_50mhz
  Path Type:              Setup (Max at Slow Process Corner)
  Requirement:            20.000ns  (clk_50mhz rise@20.000ns - clk_50mhz rise@0.000ns)
  Data Path Delay:        5.509ns  (logic 1.836ns (33.330%)  route 3.673ns (66.670%))
  Logic Levels:           6  (CARRY4=4 LUT2=2)
  Clock Path Skew:        -0.031ns (DCD - SCD + CPR)
    Destination Clock Delay (DCD):    5.458ns = ( 25.458 - 20.000 ) 
    Source Clock Delay      (SCD):    5.789ns
    Clock Pessimism Removal (CPR):    0.299ns
  Clock Uncertainty:      0.035ns  ((TSJ^2 + TIJ^2)^1/2 + DJ) / 2 + PE
    Total System Jitter     (TSJ):    0.071ns
    Total Input Jitter      (TIJ):    0.000ns
    Discrete Jitter          (DJ):    0.000ns
    Phase Error              (PE):    0.000ns

    Location             Delay type                Incr(ns)  Path(ns)    Netlist Resource(s)
  -------------------------------------------------------------------    -------------------
                         (clock clk_50mhz rise edge)
                                                      0.000     0.000 r  <hidden>
    B6                                                0.000     0.000 r  clk_50mhz
                         net (fo=0)                   0.000     0.000    clk_50mhz
    B6                   IBUF (Prop_ibuf_I_O)         1.500     1.500 r  clk_50mhz_IBUF_inst/O
                         net (fo=1, routed)           2.315     3.815    clk_50mhz_IBUF
    BUFGCTRL_X0Y16       BUFG (Prop_bufg_I_O)         0.096     3.911 r  clk_50mhz_IBUF_BUFG_inst/O
                         net (fo=93, routed)          1.877     5.789    clk_50mhz_IBUF_BUFG
    SLICE_X81Y164        FDCE                                         r  power_count_reg[7]/C
  -------------------------------------------------------------------    -------------------
    SLICE_X81Y164        FDCE (Prop_fdce_C_Q)         0.456     6.245 r  power_count_reg[7]/Q
                         net (fo=3, routed)           0.823     7.068    power_count_reg[7]
    SLICE_X80Y165        LUT2 (Prop_lut2_I1_O)        0.124     7.192 r  FSM_onehot_phase[2]_i_22/O
                         net (fo=1, routed)           0.000     7.192    FSM_onehot_phase[2]_i_22_n_0
    SLICE_X80Y165        CARRY4 (Prop_carry4_S[1]_CO[3])
                                                      0.533     7.725 r  FSM_onehot_phase_reg[2]_i_11/CO[3]
                         net (fo=1, routed)           0.000     7.725    FSM_onehot_phase_reg[2]_i_11_n_0
    SLICE_X80Y166        CARRY4 (Prop_carry4_CI_CO[3])
                                                      0.117     7.842 r  FSM_onehot_phase_reg[2]_i_6/CO[3]
                         net (fo=1, routed)           0.000     7.842    FSM_onehot_phase_reg[2]_i_6_n_0
    SLICE_X80Y167        CARRY4 (Prop_carry4_CI_CO[3])
                                                      0.117     7.959 r  FSM_onehot_phase_reg[2]_i_3/CO[3]
                         net (fo=1, routed)           0.000     7.959    FSM_onehot_phase_reg[2]_i_3_n_0
    SLICE_X80Y168        CARRY4 (Prop_carry4_CI_CO[1])
                                                      0.157     8.116 r  FSM_onehot_phase_reg[2]_i_2/CO[1]
                         net (fo=9, routed)           1.319     9.435    FSM_onehot_phase_reg[2]_i_2_n_2
    SLICE_X80Y164        LUT2 (Prop_lut2_I1_O)        0.332     9.767 r  power_count[0]_i_1/O
                         net (fo=32, routed)          1.530    11.297    power_count[0]_i_1_n_0
    SLICE_X81Y170        FDCE                                         r  power_count_reg[28]/CE
  -------------------------------------------------------------------    -------------------

                         (clock clk_50mhz rise edge)
                                                     20.000    20.000 r  <hidden>
    B6                                                0.000    20.000 r  clk_50mhz
                         net (fo=0)                   0.000    20.000    clk_50mhz
    B6                   IBUF (Prop_ibuf_I_O)         1.429    21.429 r  clk_50mhz_IBUF_inst/O
                         net (fo=1, routed)           2.196    23.625    clk_50mhz_IBUF
    BUFGCTRL_X0Y16       BUFG (Prop_bufg_I_O)         0.091    23.716 r  clk_50mhz_IBUF_BUFG_inst/O
                         net (fo=93, routed)          1.742    25.458    clk_50mhz_IBUF_BUFG
    SLICE_X81Y170        FDCE                                         r  power_count_reg[28]/C
                         clock pessimism              0.299    25.758    <hidden>
                         clock uncertainty           -0.035    25.722    <hidden>
    SLICE_X81Y170        FDCE (Setup_fdce_C_CE)      -0.205    25.517    power_count_reg[28]
  -------------------------------------------------------------------
                         required time                         25.517    <hidden>
                         arrival time                         -11.297    <hidden>
  -------------------------------------------------------------------
                         slack                                 14.220    <hidden>

Slack (MET) :             14.220ns  (required time - arrival time)
  Source:                 power_count_reg[7]/C
                            (rising edge-triggered cell FDCE clocked by clk_50mhz  {rise@0.000ns fall@10.000ns period=20.000ns})
  Destination:            power_count_reg[29]/CE
                            (rising edge-triggered cell FDCE clocked by clk_50mhz  {rise@0.000ns fall@10.000ns period=20.000ns})
  Path Group:             clk_50mhz
  Path Type:              Setup (Max at Slow Process Corner)
  Requirement:            20.000ns  (clk_50mhz rise@20.000ns - clk_50mhz rise@0.000ns)
  Data Path Delay:        5.509ns  (logic 1.836ns (33.330%)  route 3.673ns (66.670%))
  Logic Levels:           6  (CARRY4=4 LUT2=2)
  Clock Path Skew:        -0.031ns (DCD - SCD + CPR)
    Destination Clock Delay (DCD):    5.458ns = ( 25.458 - 20.000 ) 
    Source Clock Delay      (SCD):    5.789ns
    Clock Pessimism Removal (CPR):    0.299ns
  Clock Uncertainty:      0.035ns  ((TSJ^2 + TIJ^2)^1/2 + DJ) / 2 + PE
    Total System Jitter     (TSJ):    0.071ns
    Total Input Jitter      (TIJ):    0.000ns
    Discrete Jitter          (DJ):    0.000ns
    Phase Error              (PE):    0.000ns

    Location             Delay type                Incr(ns)  Path(ns)    Netlist Resource(s)
  -------------------------------------------------------------------    -------------------
                         (clock clk_50mhz rise edge)
                                                      0.000     0.000 r  <hidden>
    B6                                                0.000     0.000 r  clk_50mhz
                         net (fo=0)                   0.000     0.000    clk_50mhz
    B6                   IBUF (Prop_ibuf_I_O)         1.500     1.500 r  clk_50mhz_IBUF_inst/O
                         net (fo=1, routed)           2.315     3.815    clk_50mhz_IBUF
    BUFGCTRL_X0Y16       BUFG (Prop_bufg_I_O)         0.096     3.911 r  clk_50mhz_IBUF_BUFG_inst/O
                         net (fo=93, routed)          1.877     5.789    clk_50mhz_IBUF_BUFG
    SLICE_X81Y164        FDCE                                         r  power_count_reg[7]/C
  -------------------------------------------------------------------    -------------------
    SLICE_X81Y164        FDCE (Prop_fdce_C_Q)         0.456     6.245 r  power_count_reg[7]/Q
                         net (fo=3, routed)           0.823     7.068    power_count_reg[7]
    SLICE_X80Y165        LUT2 (Prop_lut2_I1_O)        0.124     7.192 r  FSM_onehot_phase[2]_i_22/O
                         net (fo=1, routed)           0.000     7.192    FSM_onehot_phase[2]_i_22_n_0
    SLICE_X80Y165        CARRY4 (Prop_carry4_S[1]_CO[3])
                                                      0.533     7.725 r  FSM_onehot_phase_reg[2]_i_11/CO[3]
                         net (fo=1, routed)           0.000     7.725    FSM_onehot_phase_reg[2]_i_11_n_0
    SLICE_X80Y166        CARRY4 (Prop_carry4_CI_CO[3])
                                                      0.117     7.842 r  FSM_onehot_phase_reg[2]_i_6/CO[3]
                         net (fo=1, routed)           0.000     7.842    FSM_onehot_phase_reg[2]_i_6_n_0
    SLICE_X80Y167        CARRY4 (Prop_carry4_CI_CO[3])
                                                      0.117     7.959 r  FSM_onehot_phase_reg[2]_i_3/CO[3]
                         net (fo=1, routed)           0.000     7.959    FSM_onehot_phase_reg[2]_i_3_n_0
    SLICE_X80Y168        CARRY4 (Prop_carry4_CI_CO[1])
                                                      0.157     8.116 r  FSM_onehot_phase_reg[2]_i_2/CO[1]
                         net (fo=9, routed)           1.319     9.435    FSM_onehot_phase_reg[2]_i_2_n_2
    SLICE_X80Y164        LUT2 (Prop_lut2_I1_O)        0.332     9.767 r  power_count[0]_i_1/O
                         net (fo=32, routed)          1.530    11.297    power_count[0]_i_1_n_0
    SLICE_X81Y170        FDCE                                         r  power_count_reg[29]/CE
  -------------------------------------------------------------------    -------------------

                         (clock clk_50mhz rise edge)
                                                     20.000    20.000 r  <hidden>
    B6                                                0.000    20.000 r  clk_50mhz
                         net (fo=0)                   0.000    20.000    clk_50mhz
    B6                   IBUF (Prop_ibuf_I_O)         1.429    21.429 r  clk_50mhz_IBUF_inst/O
                         net (fo=1, routed)           2.196    23.625    clk_50mhz_IBUF
    BUFGCTRL_X0Y16       BUFG (Prop_bufg_I_O)         0.091    23.716 r  clk_50mhz_IBUF_BUFG_inst/O
                         net (fo=93, routed)          1.742    25.458    clk_50mhz_IBUF_BUFG
    SLICE_X81Y170        FDCE                                         r  power_count_reg[29]/C
                         clock pessimism              0.299    25.758    <hidden>
                         clock uncertainty           -0.035    25.722    <hidden>
    SLICE_X81Y170        FDCE (Setup_fdce_C_CE)      -0.205    25.517    power_count_reg[29]
  -------------------------------------------------------------------
                         required time                         25.517    <hidden>
                         arrival time                         -11.297    <hidden>
  -------------------------------------------------------------------
                         slack                                 14.220    <hidden>

Slack (MET) :             14.220ns  (required time - arrival time)
  Source:                 power_count_reg[7]/C
                            (rising edge-triggered cell FDCE clocked by clk_50mhz  {rise@0.000ns fall@10.000ns period=20.000ns})
  Destination:            power_count_reg[30]/CE
                            (rising edge-triggered cell FDCE clocked by clk_50mhz  {rise@0.000ns fall@10.000ns period=20.000ns})
  Path Group:             clk_50mhz
  Path Type:              Setup (Max at Slow Process Corner)
  Requirement:            20.000ns  (clk_50mhz rise@20.000ns - clk_50mhz rise@0.000ns)
  Data Path Delay:        5.509ns  (logic 1.836ns (33.330%)  route 3.673ns (66.670%))
  Logic Levels:           6  (CARRY4=4 LUT2=2)
  Clock Path Skew:        -0.031ns (DCD - SCD + CPR)
    Destination Clock Delay (DCD):    5.458ns = ( 25.458 - 20.000 ) 
    Source Clock Delay      (SCD):    5.789ns
    Clock Pessimism Removal (CPR):    0.299ns
  Clock Uncertainty:      0.035ns  ((TSJ^2 + TIJ^2)^1/2 + DJ) / 2 + PE
    Total System Jitter     (TSJ):    0.071ns
    Total Input Jitter      (TIJ):    0.000ns
    Discrete Jitter          (DJ):    0.000ns
    Phase Error              (PE):    0.000ns

    Location             Delay type                Incr(ns)  Path(ns)    Netlist Resource(s)
  -------------------------------------------------------------------    -------------------
                         (clock clk_50mhz rise edge)
                                                      0.000     0.000 r  <hidden>
    B6                                                0.000     0.000 r  clk_50mhz
                         net (fo=0)                   0.000     0.000    clk_50mhz
    B6                   IBUF (Prop_ibuf_I_O)         1.500     1.500 r  clk_50mhz_IBUF_inst/O
                         net (fo=1, routed)           2.315     3.815    clk_50mhz_IBUF
    BUFGCTRL_X0Y16       BUFG (Prop_bufg_I_O)         0.096     3.911 r  clk_50mhz_IBUF_BUFG_inst/O
                         net (fo=93, routed)          1.877     5.789    clk_50mhz_IBUF_BUFG
    SLICE_X81Y164        FDCE                                         r  power_count_reg[7]/C
  -------------------------------------------------------------------    -------------------
    SLICE_X81Y164        FDCE (Prop_fdce_C_Q)         0.456     6.245 r  power_count_reg[7]/Q
                         net (fo=3, routed)           0.823     7.068    power_count_reg[7]
    SLICE_X80Y165        LUT2 (Prop_lut2_I1_O)        0.124     7.192 r  FSM_onehot_phase[2]_i_22/O
                         net (fo=1, routed)           0.000     7.192    FSM_onehot_phase[2]_i_22_n_0
    SLICE_X80Y165        CARRY4 (Prop_carry4_S[1]_CO[3])
                                                      0.533     7.725 r  FSM_onehot_phase_reg[2]_i_11/CO[3]
                         net (fo=1, routed)           0.000     7.725    FSM_onehot_phase_reg[2]_i_11_n_0
    SLICE_X80Y166        CARRY4 (Prop_carry4_CI_CO[3])
                                                      0.117     7.842 r  FSM_onehot_phase_reg[2]_i_6/CO[3]
                         net (fo=1, routed)           0.000     7.842    FSM_onehot_phase_reg[2]_i_6_n_0
    SLICE_X80Y167        CARRY4 (Prop_carry4_CI_CO[3])
                                                      0.117     7.959 r  FSM_onehot_phase_reg[2]_i_3/CO[3]
                         net (fo=1, routed)           0.000     7.959    FSM_onehot_phase_reg[2]_i_3_n_0
    SLICE_X80Y168        CARRY4 (Prop_carry4_CI_CO[1])
                                                      0.157     8.116 r  FSM_onehot_phase_reg[2]_i_2/CO[1]
                         net (fo=9, routed)           1.319     9.435    FSM_onehot_phase_reg[2]_i_2_n_2
    SLICE_X80Y164        LUT2 (Prop_lut2_I1_O)        0.332     9.767 r  power_count[0]_i_1/O
                         net (fo=32, routed)          1.530    11.297    power_count[0]_i_1_n_0
    SLICE_X81Y170        FDCE                                         r  power_count_reg[30]/CE
  -------------------------------------------------------------------    -------------------

                         (clock clk_50mhz rise edge)
                                                     20.000    20.000 r  <hidden>
    B6                                                0.000    20.000 r  clk_50mhz
                         net (fo=0)                   0.000    20.000    clk_50mhz
    B6                   IBUF (Prop_ibuf_I_O)         1.429    21.429 r  clk_50mhz_IBUF_inst/O
                         net (fo=1, routed)           2.196    23.625    clk_50mhz_IBUF
    BUFGCTRL_X0Y16       BUFG (Prop_bufg_I_O)         0.091    23.716 r  clk_50mhz_IBUF_BUFG_inst/O
                         net (fo=93, routed)          1.742    25.458    clk_50mhz_IBUF_BUFG
    SLICE_X81Y170        FDCE                                         r  power_count_reg[30]/C
                         clock pessimism              0.299    25.758    <hidden>
                         clock uncertainty           -0.035    25.722    <hidden>
    SLICE_X81Y170        FDCE (Setup_fdce_C_CE)      -0.205    25.517    power_count_reg[30]
  -------------------------------------------------------------------
                         required time                         25.517    <hidden>
                         arrival time                         -11.297    <hidden>
  -------------------------------------------------------------------
                         slack                                 14.220    <hidden>

Slack (MET) :             14.220ns  (required time - arrival time)
  Source:                 power_count_reg[7]/C
                            (rising edge-triggered cell FDCE clocked by clk_50mhz  {rise@0.000ns fall@10.000ns period=20.000ns})
  Destination:            power_count_reg[31]/CE
                            (rising edge-triggered cell FDCE clocked by clk_50mhz  {rise@0.000ns fall@10.000ns period=20.000ns})
  Path Group:             clk_50mhz
  Path Type:              Setup (Max at Slow Process Corner)
  Requirement:            20.000ns  (clk_50mhz rise@20.000ns - clk_50mhz rise@0.000ns)
  Data Path Delay:        5.509ns  (logic 1.836ns (33.330%)  route 3.673ns (66.670%))
  Logic Levels:           6  (CARRY4=4 LUT2=2)
  Clock Path Skew:        -0.031ns (DCD - SCD + CPR)
    Destination Clock Delay (DCD):    5.458ns = ( 25.458 - 20.000 ) 
    Source Clock Delay      (SCD):    5.789ns
    Clock Pessimism Removal (CPR):    0.299ns
  Clock Uncertainty:      0.035ns  ((TSJ^2 + TIJ^2)^1/2 + DJ) / 2 + PE
    Total System Jitter     (TSJ):    0.071ns
    Total Input Jitter      (TIJ):    0.000ns
    Discrete Jitter          (DJ):    0.000ns
    Phase Error              (PE):    0.000ns

    Location             Delay type                Incr(ns)  Path(ns)    Netlist Resource(s)
  -------------------------------------------------------------------    -------------------
                         (clock clk_50mhz rise edge)
                                                      0.000     0.000 r  <hidden>
    B6                                                0.000     0.000 r  clk_50mhz
                         net (fo=0)                   0.000     0.000    clk_50mhz
    B6                   IBUF (Prop_ibuf_I_O)         1.500     1.500 r  clk_50mhz_IBUF_inst/O
                         net (fo=1, routed)           2.315     3.815    clk_50mhz_IBUF
    BUFGCTRL_X0Y16       BUFG (Prop_bufg_I_O)         0.096     3.911 r  clk_50mhz_IBUF_BUFG_inst/O
                         net (fo=93, routed)          1.877     5.789    clk_50mhz_IBUF_BUFG
    SLICE_X81Y164        FDCE                                         r  power_count_reg[7]/C
  -------------------------------------------------------------------    -------------------
    SLICE_X81Y164        FDCE (Prop_fdce_C_Q)         0.456     6.245 r  power_count_reg[7]/Q
                         net (fo=3, routed)           0.823     7.068    power_count_reg[7]
    SLICE_X80Y165        LUT2 (Prop_lut2_I1_O)        0.124     7.192 r  FSM_onehot_phase[2]_i_22/O
                         net (fo=1, routed)           0.000     7.192    FSM_onehot_phase[2]_i_22_n_0
    SLICE_X80Y165        CARRY4 (Prop_carry4_S[1]_CO[3])
                                                      0.533     7.725 r  FSM_onehot_phase_reg[2]_i_11/CO[3]
                         net (fo=1, routed)           0.000     7.725    FSM_onehot_phase_reg[2]_i_11_n_0
    SLICE_X80Y166        CARRY4 (Prop_carry4_CI_CO[3])
                                                      0.117     7.842 r  FSM_onehot_phase_reg[2]_i_6/CO[3]
                         net (fo=1, routed)           0.000     7.842    FSM_onehot_phase_reg[2]_i_6_n_0
    SLICE_X80Y167        CARRY4 (Prop_carry4_CI_CO[3])
                                                      0.117     7.959 r  FSM_onehot_phase_reg[2]_i_3/CO[3]
                         net (fo=1, routed)           0.000     7.959    FSM_onehot_phase_reg[2]_i_3_n_0
    SLICE_X80Y168        CARRY4 (Prop_carry4_CI_CO[1])
                                                      0.157     8.116 r  FSM_onehot_phase_reg[2]_i_2/CO[1]
                         net (fo=9, routed)           1.319     9.435    FSM_onehot_phase_reg[2]_i_2_n_2
    SLICE_X80Y164        LUT2 (Prop_lut2_I1_O)        0.332     9.767 r  power_count[0]_i_1/O
                         net (fo=32, routed)          1.530    11.297    power_count[0]_i_1_n_0
    SLICE_X81Y170        FDCE                                         r  power_count_reg[31]/CE
  -------------------------------------------------------------------    -------------------

                         (clock clk_50mhz rise edge)
                                                     20.000    20.000 r  <hidden>
    B6                                                0.000    20.000 r  clk_50mhz
                         net (fo=0)                   0.000    20.000    clk_50mhz
    B6                   IBUF (Prop_ibuf_I_O)         1.429    21.429 r  clk_50mhz_IBUF_inst/O
                         net (fo=1, routed)           2.196    23.625    clk_50mhz_IBUF
    BUFGCTRL_X0Y16       BUFG (Prop_bufg_I_O)         0.091    23.716 r  clk_50mhz_IBUF_BUFG_inst/O
                         net (fo=93, routed)          1.742    25.458    clk_50mhz_IBUF_BUFG
    SLICE_X81Y170        FDCE                                         r  power_count_reg[31]/C
                         clock pessimism              0.299    25.758    <hidden>
                         clock uncertainty           -0.035    25.722    <hidden>
    SLICE_X81Y170        FDCE (Setup_fdce_C_CE)      -0.205    25.517    power_count_reg[31]
  -------------------------------------------------------------------
                         required time                         25.517    <hidden>
                         arrival time                         -11.297    <hidden>
  -------------------------------------------------------------------
                         slack                                 14.220    <hidden>

Slack (MET) :             14.361ns  (required time - arrival time)
  Source:                 power_count_reg[7]/C
                            (rising edge-triggered cell FDCE clocked by clk_50mhz  {rise@0.000ns fall@10.000ns period=20.000ns})
  Destination:            power_count_reg[24]/CE
                            (rising edge-triggered cell FDCE clocked by clk_50mhz  {rise@0.000ns fall@10.000ns period=20.000ns})
  Path Group:             clk_50mhz
  Path Type:              Setup (Max at Slow Process Corner)
  Requirement:            20.000ns  (clk_50mhz rise@20.000ns - clk_50mhz rise@0.000ns)
  Data Path Delay:        5.368ns  (logic 1.836ns (34.205%)  route 3.532ns (65.795%))
  Logic Levels:           6  (CARRY4=4 LUT2=2)
  Clock Path Skew:        -0.031ns (DCD - SCD + CPR)
    Destination Clock Delay (DCD):    5.458ns = ( 25.458 - 20.000 ) 
    Source Clock Delay      (SCD):    5.789ns
    Clock Pessimism Removal (CPR):    0.299ns
  Clock Uncertainty:      0.035ns  ((TSJ^2 + TIJ^2)^1/2 + DJ) / 2 + PE
    Total System Jitter     (TSJ):    0.071ns
    Total Input Jitter      (TIJ):    0.000ns
    Discrete Jitter          (DJ):    0.000ns
    Phase Error              (PE):    0.000ns

    Location             Delay type                Incr(ns)  Path(ns)    Netlist Resource(s)
  -------------------------------------------------------------------    -------------------
                         (clock clk_50mhz rise edge)
                                                      0.000     0.000 r  <hidden>
    B6                                                0.000     0.000 r  clk_50mhz
                         net (fo=0)                   0.000     0.000    clk_50mhz
    B6                   IBUF (Prop_ibuf_I_O)         1.500     1.500 r  clk_50mhz_IBUF_inst/O
                         net (fo=1, routed)           2.315     3.815    clk_50mhz_IBUF
    BUFGCTRL_X0Y16       BUFG (Prop_bufg_I_O)         0.096     3.911 r  clk_50mhz_IBUF_BUFG_inst/O
                         net (fo=93, routed)          1.877     5.789    clk_50mhz_IBUF_BUFG
    SLICE_X81Y164        FDCE                                         r  power_count_reg[7]/C
  -------------------------------------------------------------------    -------------------
    SLICE_X81Y164        FDCE (Prop_fdce_C_Q)         0.456     6.245 r  power_count_reg[7]/Q
                         net (fo=3, routed)           0.823     7.068    power_count_reg[7]
    SLICE_X80Y165        LUT2 (Prop_lut2_I1_O)        0.124     7.192 r  FSM_onehot_phase[2]_i_22/O
                         net (fo=1, routed)           0.000     7.192    FSM_onehot_phase[2]_i_22_n_0
    SLICE_X80Y165        CARRY4 (Prop_carry4_S[1]_CO[3])
                                                      0.533     7.725 r  FSM_onehot_phase_reg[2]_i_11/CO[3]
                         net (fo=1, routed)           0.000     7.725    FSM_onehot_phase_reg[2]_i_11_n_0
    SLICE_X80Y166        CARRY4 (Prop_carry4_CI_CO[3])
                                                      0.117     7.842 r  FSM_onehot_phase_reg[2]_i_6/CO[3]
                         net (fo=1, routed)           0.000     7.842    FSM_onehot_phase_reg[2]_i_6_n_0
    SLICE_X80Y167        CARRY4 (Prop_carry4_CI_CO[3])
                                                      0.117     7.959 r  FSM_onehot_phase_reg[2]_i_3/CO[3]
                         net (fo=1, routed)           0.000     7.959    FSM_onehot_phase_reg[2]_i_3_n_0
    SLICE_X80Y168        CARRY4 (Prop_carry4_CI_CO[1])
                                                      0.157     8.116 r  FSM_onehot_phase_reg[2]_i_2/CO[1]
                         net (fo=9, routed)           1.319     9.435    FSM_onehot_phase_reg[2]_i_2_n_2
    SLICE_X80Y164        LUT2 (Prop_lut2_I1_O)        0.332     9.767 r  power_count[0]_i_1/O
                         net (fo=32, routed)          1.389    11.156    power_count[0]_i_1_n_0
    SLICE_X81Y169        FDCE                                         r  power_count_reg[24]/CE
  -------------------------------------------------------------------    -------------------

                         (clock clk_50mhz rise edge)
                                                     20.000    20.000 r  <hidden>
    B6                                                0.000    20.000 r  clk_50mhz
                         net (fo=0)                   0.000    20.000    clk_50mhz
    B6                   IBUF (Prop_ibuf_I_O)         1.429    21.429 r  clk_50mhz_IBUF_inst/O
                         net (fo=1, routed)           2.196    23.625    clk_50mhz_IBUF
    BUFGCTRL_X0Y16       BUFG (Prop_bufg_I_O)         0.091    23.716 r  clk_50mhz_IBUF_BUFG_inst/O
                         net (fo=93, routed)          1.742    25.458    clk_50mhz_IBUF_BUFG
    SLICE_X81Y169        FDCE                                         r  power_count_reg[24]/C
                         clock pessimism              0.299    25.758    <hidden>
                         clock uncertainty           -0.035    25.722    <hidden>
    SLICE_X81Y169        FDCE (Setup_fdce_C_CE)      -0.205    25.517    power_count_reg[24]
  -------------------------------------------------------------------
                         required time                         25.517    <hidden>
                         arrival time                         -11.156    <hidden>
  -------------------------------------------------------------------
                         slack                                 14.361    <hidden>

Slack (MET) :             14.361ns  (required time - arrival time)
  Source:                 power_count_reg[7]/C
                            (rising edge-triggered cell FDCE clocked by clk_50mhz  {rise@0.000ns fall@10.000ns period=20.000ns})
  Destination:            power_count_reg[25]/CE
                            (rising edge-triggered cell FDCE clocked by clk_50mhz  {rise@0.000ns fall@10.000ns period=20.000ns})
  Path Group:             clk_50mhz
  Path Type:              Setup (Max at Slow Process Corner)
  Requirement:            20.000ns  (clk_50mhz rise@20.000ns - clk_50mhz rise@0.000ns)
  Data Path Delay:        5.368ns  (logic 1.836ns (34.205%)  route 3.532ns (65.795%))
  Logic Levels:           6  (CARRY4=4 LUT2=2)
  Clock Path Skew:        -0.031ns (DCD - SCD + CPR)
    Destination Clock Delay (DCD):    5.458ns = ( 25.458 - 20.000 ) 
    Source Clock Delay      (SCD):    5.789ns
    Clock Pessimism Removal (CPR):    0.299ns
  Clock Uncertainty:      0.035ns  ((TSJ^2 + TIJ^2)^1/2 + DJ) / 2 + PE
    Total System Jitter     (TSJ):    0.071ns
    Total Input Jitter      (TIJ):    0.000ns
    Discrete Jitter          (DJ):    0.000ns
    Phase Error              (PE):    0.000ns

    Location             Delay type                Incr(ns)  Path(ns)    Netlist Resource(s)
  -------------------------------------------------------------------    -------------------
                         (clock clk_50mhz rise edge)
                                                      0.000     0.000 r  <hidden>
    B6                                                0.000     0.000 r  clk_50mhz
                         net (fo=0)                   0.000     0.000    clk_50mhz
    B6                   IBUF (Prop_ibuf_I_O)         1.500     1.500 r  clk_50mhz_IBUF_inst/O
                         net (fo=1, routed)           2.315     3.815    clk_50mhz_IBUF
    BUFGCTRL_X0Y16       BUFG (Prop_bufg_I_O)         0.096     3.911 r  clk_50mhz_IBUF_BUFG_inst/O
                         net (fo=93, routed)          1.877     5.789    clk_50mhz_IBUF_BUFG
    SLICE_X81Y164        FDCE                                         r  power_count_reg[7]/C
  -------------------------------------------------------------------    -------------------
    SLICE_X81Y164        FDCE (Prop_fdce_C_Q)         0.456     6.245 r  power_count_reg[7]/Q
                         net (fo=3, routed)           0.823     7.068    power_count_reg[7]
    SLICE_X80Y165        LUT2 (Prop_lut2_I1_O)        0.124     7.192 r  FSM_onehot_phase[2]_i_22/O
                         net (fo=1, routed)           0.000     7.192    FSM_onehot_phase[2]_i_22_n_0
    SLICE_X80Y165        CARRY4 (Prop_carry4_S[1]_CO[3])
                                                      0.533     7.725 r  FSM_onehot_phase_reg[2]_i_11/CO[3]
                         net (fo=1, routed)           0.000     7.725    FSM_onehot_phase_reg[2]_i_11_n_0
    SLICE_X80Y166        CARRY4 (Prop_carry4_CI_CO[3])
                                                      0.117     7.842 r  FSM_onehot_phase_reg[2]_i_6/CO[3]
                         net (fo=1, routed)           0.000     7.842    FSM_onehot_phase_reg[2]_i_6_n_0
    SLICE_X80Y167        CARRY4 (Prop_carry4_CI_CO[3])
                                                      0.117     7.959 r  FSM_onehot_phase_reg[2]_i_3/CO[3]
                         net (fo=1, routed)           0.000     7.959    FSM_onehot_phase_reg[2]_i_3_n_0
    SLICE_X80Y168        CARRY4 (Prop_carry4_CI_CO[1])
                                                      0.157     8.116 r  FSM_onehot_phase_reg[2]_i_2/CO[1]
                         net (fo=9, routed)           1.319     9.435    FSM_onehot_phase_reg[2]_i_2_n_2
    SLICE_X80Y164        LUT2 (Prop_lut2_I1_O)        0.332     9.767 r  power_count[0]_i_1/O
                         net (fo=32, routed)          1.389    11.156    power_count[0]_i_1_n_0
    SLICE_X81Y169        FDCE                                         r  power_count_reg[25]/CE
  -------------------------------------------------------------------    -------------------

                         (clock clk_50mhz rise edge)
                                                     20.000    20.000 r  <hidden>
    B6                                                0.000    20.000 r  clk_50mhz
                         net (fo=0)                   0.000    20.000    clk_50mhz
    B6                   IBUF (Prop_ibuf_I_O)         1.429    21.429 r  clk_50mhz_IBUF_inst/O
                         net (fo=1, routed)           2.196    23.625    clk_50mhz_IBUF
    BUFGCTRL_X0Y16       BUFG (Prop_bufg_I_O)         0.091    23.716 r  clk_50mhz_IBUF_BUFG_inst/O
                         net (fo=93, routed)          1.742    25.458    clk_50mhz_IBUF_BUFG
    SLICE_X81Y169        FDCE                                         r  power_count_reg[25]/C
                         clock pessimism              0.299    25.758    <hidden>
                         clock uncertainty           -0.035    25.722    <hidden>
    SLICE_X81Y169        FDCE (Setup_fdce_C_CE)      -0.205    25.517    power_count_reg[25]
  -------------------------------------------------------------------
                         required time                         25.517    <hidden>
                         arrival time                         -11.156    <hidden>
  -------------------------------------------------------------------
                         slack                                 14.361    <hidden>

Slack (MET) :             14.361ns  (required time - arrival time)
  Source:                 power_count_reg[7]/C
                            (rising edge-triggered cell FDCE clocked by clk_50mhz  {rise@0.000ns fall@10.000ns period=20.000ns})
  Destination:            power_count_reg[26]/CE
                            (rising edge-triggered cell FDCE clocked by clk_50mhz  {rise@0.000ns fall@10.000ns period=20.000ns})
  Path Group:             clk_50mhz
  Path Type:              Setup (Max at Slow Process Corner)
  Requirement:            20.000ns  (clk_50mhz rise@20.000ns - clk_50mhz rise@0.000ns)
  Data Path Delay:        5.368ns  (logic 1.836ns (34.205%)  route 3.532ns (65.795%))
  Logic Levels:           6  (CARRY4=4 LUT2=2)
  Clock Path Skew:        -0.031ns (DCD - SCD + CPR)
    Destination Clock Delay (DCD):    5.458ns = ( 25.458 - 20.000 ) 
    Source Clock Delay      (SCD):    5.789ns
    Clock Pessimism Removal (CPR):    0.299ns
  Clock Uncertainty:      0.035ns  ((TSJ^2 + TIJ^2)^1/2 + DJ) / 2 + PE
    Total System Jitter     (TSJ):    0.071ns
    Total Input Jitter      (TIJ):    0.000ns
    Discrete Jitter          (DJ):    0.000ns
    Phase Error              (PE):    0.000ns

    Location             Delay type                Incr(ns)  Path(ns)    Netlist Resource(s)
  -------------------------------------------------------------------    -------------------
                         (clock clk_50mhz rise edge)
                                                      0.000     0.000 r  <hidden>
    B6                                                0.000     0.000 r  clk_50mhz
                         net (fo=0)                   0.000     0.000    clk_50mhz
    B6                   IBUF (Prop_ibuf_I_O)         1.500     1.500 r  clk_50mhz_IBUF_inst/O
                         net (fo=1, routed)           2.315     3.815    clk_50mhz_IBUF
    BUFGCTRL_X0Y16       BUFG (Prop_bufg_I_O)         0.096     3.911 r  clk_50mhz_IBUF_BUFG_inst/O
                         net (fo=93, routed)          1.877     5.789    clk_50mhz_IBUF_BUFG
    SLICE_X81Y164        FDCE                                         r  power_count_reg[7]/C
  -------------------------------------------------------------------    -------------------
    SLICE_X81Y164        FDCE (Prop_fdce_C_Q)         0.456     6.245 r  power_count_reg[7]/Q
                         net (fo=3, routed)           0.823     7.068    power_count_reg[7]
    SLICE_X80Y165        LUT2 (Prop_lut2_I1_O)        0.124     7.192 r  FSM_onehot_phase[2]_i_22/O
                         net (fo=1, routed)           0.000     7.192    FSM_onehot_phase[2]_i_22_n_0
    SLICE_X80Y165        CARRY4 (Prop_carry4_S[1]_CO[3])
                                                      0.533     7.725 r  FSM_onehot_phase_reg[2]_i_11/CO[3]
                         net (fo=1, routed)           0.000     7.725    FSM_onehot_phase_reg[2]_i_11_n_0
    SLICE_X80Y166        CARRY4 (Prop_carry4_CI_CO[3])
                                                      0.117     7.842 r  FSM_onehot_phase_reg[2]_i_6/CO[3]
                         net (fo=1, routed)           0.000     7.842    FSM_onehot_phase_reg[2]_i_6_n_0
    SLICE_X80Y167        CARRY4 (Prop_carry4_CI_CO[3])
                                                      0.117     7.959 r  FSM_onehot_phase_reg[2]_i_3/CO[3]
                         net (fo=1, routed)           0.000     7.959    FSM_onehot_phase_reg[2]_i_3_n_0
    SLICE_X80Y168        CARRY4 (Prop_carry4_CI_CO[1])
                                                      0.157     8.116 r  FSM_onehot_phase_reg[2]_i_2/CO[1]
                         net (fo=9, routed)           1.319     9.435    FSM_onehot_phase_reg[2]_i_2_n_2
    SLICE_X80Y164        LUT2 (Prop_lut2_I1_O)        0.332     9.767 r  power_count[0]_i_1/O
                         net (fo=32, routed)          1.389    11.156    power_count[0]_i_1_n_0
    SLICE_X81Y169        FDCE                                         r  power_count_reg[26]/CE
  -------------------------------------------------------------------    -------------------

                         (clock clk_50mhz rise edge)
                                                     20.000    20.000 r  <hidden>
    B6                                                0.000    20.000 r  clk_50mhz
                         net (fo=0)                   0.000    20.000    clk_50mhz
    B6                   IBUF (Prop_ibuf_I_O)         1.429    21.429 r  clk_50mhz_IBUF_inst/O
                         net (fo=1, routed)           2.196    23.625    clk_50mhz_IBUF
    BUFGCTRL_X0Y16       BUFG (Prop_bufg_I_O)         0.091    23.716 r  clk_50mhz_IBUF_BUFG_inst/O
                         net (fo=93, routed)          1.742    25.458    clk_50mhz_IBUF_BUFG
    SLICE_X81Y169        FDCE                                         r  power_count_reg[26]/C
                         clock pessimism              0.299    25.758    <hidden>
                         clock uncertainty           -0.035    25.722    <hidden>
    SLICE_X81Y169        FDCE (Setup_fdce_C_CE)      -0.205    25.517    power_count_reg[26]
  -------------------------------------------------------------------
                         required time                         25.517    <hidden>
                         arrival time                         -11.156    <hidden>
  -------------------------------------------------------------------
                         slack                                 14.361    <hidden>

Slack (MET) :             14.361ns  (required time - arrival time)
  Source:                 power_count_reg[7]/C
                            (rising edge-triggered cell FDCE clocked by clk_50mhz  {rise@0.000ns fall@10.000ns period=20.000ns})
  Destination:            power_count_reg[27]/CE
                            (rising edge-triggered cell FDCE clocked by clk_50mhz  {rise@0.000ns fall@10.000ns period=20.000ns})
  Path Group:             clk_50mhz
  Path Type:              Setup (Max at Slow Process Corner)
  Requirement:            20.000ns  (clk_50mhz rise@20.000ns - clk_50mhz rise@0.000ns)
  Data Path Delay:        5.368ns  (logic 1.836ns (34.205%)  route 3.532ns (65.795%))
  Logic Levels:           6  (CARRY4=4 LUT2=2)
  Clock Path Skew:        -0.031ns (DCD - SCD + CPR)
    Destination Clock Delay (DCD):    5.458ns = ( 25.458 - 20.000 ) 
    Source Clock Delay      (SCD):    5.789ns
    Clock Pessimism Removal (CPR):    0.299ns
  Clock Uncertainty:      0.035ns  ((TSJ^2 + TIJ^2)^1/2 + DJ) / 2 + PE
    Total System Jitter     (TSJ):    0.071ns
    Total Input Jitter      (TIJ):    0.000ns
    Discrete Jitter          (DJ):    0.000ns
    Phase Error              (PE):    0.000ns

    Location             Delay type                Incr(ns)  Path(ns)    Netlist Resource(s)
  -------------------------------------------------------------------    -------------------
                         (clock clk_50mhz rise edge)
                                                      0.000     0.000 r  <hidden>
    B6                                                0.000     0.000 r  clk_50mhz
                         net (fo=0)                   0.000     0.000    clk_50mhz
    B6                   IBUF (Prop_ibuf_I_O)         1.500     1.500 r  clk_50mhz_IBUF_inst/O
                         net (fo=1, routed)           2.315     3.815    clk_50mhz_IBUF
    BUFGCTRL_X0Y16       BUFG (Prop_bufg_I_O)         0.096     3.911 r  clk_50mhz_IBUF_BUFG_inst/O
                         net (fo=93, routed)          1.877     5.789    clk_50mhz_IBUF_BUFG
    SLICE_X81Y164        FDCE                                         r  power_count_reg[7]/C
  -------------------------------------------------------------------    -------------------
    SLICE_X81Y164        FDCE (Prop_fdce_C_Q)         0.456     6.245 r  power_count_reg[7]/Q
                         net (fo=3, routed)           0.823     7.068    power_count_reg[7]
    SLICE_X80Y165        LUT2 (Prop_lut2_I1_O)        0.124     7.192 r  FSM_onehot_phase[2]_i_22/O
                         net (fo=1, routed)           0.000     7.192    FSM_onehot_phase[2]_i_22_n_0
    SLICE_X80Y165        CARRY4 (Prop_carry4_S[1]_CO[3])
                                                      0.533     7.725 r  FSM_onehot_phase_reg[2]_i_11/CO[3]
                         net (fo=1, routed)           0.000     7.725    FSM_onehot_phase_reg[2]_i_11_n_0
    SLICE_X80Y166        CARRY4 (Prop_carry4_CI_CO[3])
                                                      0.117     7.842 r  FSM_onehot_phase_reg[2]_i_6/CO[3]
                         net (fo=1, routed)           0.000     7.842    FSM_onehot_phase_reg[2]_i_6_n_0
    SLICE_X80Y167        CARRY4 (Prop_carry4_CI_CO[3])
                                                      0.117     7.959 r  FSM_onehot_phase_reg[2]_i_3/CO[3]
                         net (fo=1, routed)           0.000     7.959    FSM_onehot_phase_reg[2]_i_3_n_0
    SLICE_X80Y168        CARRY4 (Prop_carry4_CI_CO[1])
                                                      0.157     8.116 r  FSM_onehot_phase_reg[2]_i_2/CO[1]
                         net (fo=9, routed)           1.319     9.435    FSM_onehot_phase_reg[2]_i_2_n_2
    SLICE_X80Y164        LUT2 (Prop_lut2_I1_O)        0.332     9.767 r  power_count[0]_i_1/O
                         net (fo=32, routed)          1.389    11.156    power_count[0]_i_1_n_0
    SLICE_X81Y169        FDCE                                         r  power_count_reg[27]/CE
  -------------------------------------------------------------------    -------------------

                         (clock clk_50mhz rise edge)
                                                     20.000    20.000 r  <hidden>
    B6                                                0.000    20.000 r  clk_50mhz
                         net (fo=0)                   0.000    20.000    clk_50mhz
    B6                   IBUF (Prop_ibuf_I_O)         1.429    21.429 r  clk_50mhz_IBUF_inst/O
                         net (fo=1, routed)           2.196    23.625    clk_50mhz_IBUF
    BUFGCTRL_X0Y16       BUFG (Prop_bufg_I_O)         0.091    23.716 r  clk_50mhz_IBUF_BUFG_inst/O
                         net (fo=93, routed)          1.742    25.458    clk_50mhz_IBUF_BUFG
    SLICE_X81Y169        FDCE                                         r  power_count_reg[27]/C
                         clock pessimism              0.299    25.758    <hidden>
                         clock uncertainty           -0.035    25.722    <hidden>
    SLICE_X81Y169        FDCE (Setup_fdce_C_CE)      -0.205    25.517    power_count_reg[27]
  -------------------------------------------------------------------
                         required time                         25.517    <hidden>
                         arrival time                         -11.156    <hidden>
  -------------------------------------------------------------------
                         slack                                 14.361    <hidden>

Slack (MET) :             14.513ns  (required time - arrival time)
  Source:                 power_count_reg[7]/C
                            (rising edge-triggered cell FDCE clocked by clk_50mhz  {rise@0.000ns fall@10.000ns period=20.000ns})
  Destination:            power_count_reg[20]/CE
                            (rising edge-triggered cell FDCE clocked by clk_50mhz  {rise@0.000ns fall@10.000ns period=20.000ns})
  Path Group:             clk_50mhz
  Path Type:              Setup (Max at Slow Process Corner)
  Requirement:            20.000ns  (clk_50mhz rise@20.000ns - clk_50mhz rise@0.000ns)
  Data Path Delay:        5.217ns  (logic 1.836ns (35.193%)  route 3.381ns (64.807%))
  Logic Levels:           6  (CARRY4=4 LUT2=2)
  Clock Path Skew:        -0.030ns (DCD - SCD + CPR)
    Destination Clock Delay (DCD):    5.459ns = ( 25.459 - 20.000 ) 
    Source Clock Delay      (SCD):    5.789ns
    Clock Pessimism Removal (CPR):    0.299ns
  Clock Uncertainty:      0.035ns  ((TSJ^2 + TIJ^2)^1/2 + DJ) / 2 + PE
    Total System Jitter     (TSJ):    0.071ns
    Total Input Jitter      (TIJ):    0.000ns
    Discrete Jitter          (DJ):    0.000ns
    Phase Error              (PE):    0.000ns

    Location             Delay type                Incr(ns)  Path(ns)    Netlist Resource(s)
  -------------------------------------------------------------------    -------------------
                         (clock clk_50mhz rise edge)
                                                      0.000     0.000 r  <hidden>
    B6                                                0.000     0.000 r  clk_50mhz
                         net (fo=0)                   0.000     0.000    clk_50mhz
    B6                   IBUF (Prop_ibuf_I_O)         1.500     1.500 r  clk_50mhz_IBUF_inst/O
                         net (fo=1, routed)           2.315     3.815    clk_50mhz_IBUF
    BUFGCTRL_X0Y16       BUFG (Prop_bufg_I_O)         0.096     3.911 r  clk_50mhz_IBUF_BUFG_inst/O
                         net (fo=93, routed)          1.877     5.789    clk_50mhz_IBUF_BUFG
    SLICE_X81Y164        FDCE                                         r  power_count_reg[7]/C
  -------------------------------------------------------------------    -------------------
    SLICE_X81Y164        FDCE (Prop_fdce_C_Q)         0.456     6.245 r  power_count_reg[7]/Q
                         net (fo=3, routed)           0.823     7.068    power_count_reg[7]
    SLICE_X80Y165        LUT2 (Prop_lut2_I1_O)        0.124     7.192 r  FSM_onehot_phase[2]_i_22/O
                         net (fo=1, routed)           0.000     7.192    FSM_onehot_phase[2]_i_22_n_0
    SLICE_X80Y165        CARRY4 (Prop_carry4_S[1]_CO[3])
                                                      0.533     7.725 r  FSM_onehot_phase_reg[2]_i_11/CO[3]
                         net (fo=1, routed)           0.000     7.725    FSM_onehot_phase_reg[2]_i_11_n_0
    SLICE_X80Y166        CARRY4 (Prop_carry4_CI_CO[3])
                                                      0.117     7.842 r  FSM_onehot_phase_reg[2]_i_6/CO[3]
                         net (fo=1, routed)           0.000     7.842    FSM_onehot_phase_reg[2]_i_6_n_0
    SLICE_X80Y167        CARRY4 (Prop_carry4_CI_CO[3])
                                                      0.117     7.959 r  FSM_onehot_phase_reg[2]_i_3/CO[3]
                         net (fo=1, routed)           0.000     7.959    FSM_onehot_phase_reg[2]_i_3_n_0
    SLICE_X80Y168        CARRY4 (Prop_carry4_CI_CO[1])
                                                      0.157     8.116 r  FSM_onehot_phase_reg[2]_i_2/CO[1]
                         net (fo=9, routed)           1.319     9.435    FSM_onehot_phase_reg[2]_i_2_n_2
    SLICE_X80Y164        LUT2 (Prop_lut2_I1_O)        0.332     9.767 r  power_count[0]_i_1/O
                         net (fo=32, routed)          1.239    11.006    power_count[0]_i_1_n_0
    SLICE_X81Y168        FDCE                                         r  power_count_reg[20]/CE
  -------------------------------------------------------------------    -------------------

                         (clock clk_50mhz rise edge)
                                                     20.000    20.000 r  <hidden>
    B6                                                0.000    20.000 r  clk_50mhz
                         net (fo=0)                   0.000    20.000    clk_50mhz
    B6                   IBUF (Prop_ibuf_I_O)         1.429    21.429 r  clk_50mhz_IBUF_inst/O
                         net (fo=1, routed)           2.196    23.625    clk_50mhz_IBUF
    BUFGCTRL_X0Y16       BUFG (Prop_bufg_I_O)         0.091    23.716 r  clk_50mhz_IBUF_BUFG_inst/O
                         net (fo=93, routed)          1.743    25.459    clk_50mhz_IBUF_BUFG
    SLICE_X81Y168        FDCE                                         r  power_count_reg[20]/C
                         clock pessimism              0.299    25.759    <hidden>
                         clock uncertainty           -0.035    25.723    <hidden>
    SLICE_X81Y168        FDCE (Setup_fdce_C_CE)      -0.205    25.518    power_count_reg[20]
  -------------------------------------------------------------------
                         required time                         25.518    <hidden>
                         arrival time                         -11.006    <hidden>
  -------------------------------------------------------------------
                         slack                                 14.513    <hidden>

Slack (MET) :             14.513ns  (required time - arrival time)
  Source:                 power_count_reg[7]/C
                            (rising edge-triggered cell FDCE clocked by clk_50mhz  {rise@0.000ns fall@10.000ns period=20.000ns})
  Destination:            power_count_reg[21]/CE
                            (rising edge-triggered cell FDCE clocked by clk_50mhz  {rise@0.000ns fall@10.000ns period=20.000ns})
  Path Group:             clk_50mhz
  Path Type:              Setup (Max at Slow Process Corner)
  Requirement:            20.000ns  (clk_50mhz rise@20.000ns - clk_50mhz rise@0.000ns)
  Data Path Delay:        5.217ns  (logic 1.836ns (35.193%)  route 3.381ns (64.807%))
  Logic Levels:           6  (CARRY4=4 LUT2=2)
  Clock Path Skew:        -0.030ns (DCD - SCD + CPR)
    Destination Clock Delay (DCD):    5.459ns = ( 25.459 - 20.000 ) 
    Source Clock Delay      (SCD):    5.789ns
    Clock Pessimism Removal (CPR):    0.299ns
  Clock Uncertainty:      0.035ns  ((TSJ^2 + TIJ^2)^1/2 + DJ) / 2 + PE
    Total System Jitter     (TSJ):    0.071ns
    Total Input Jitter      (TIJ):    0.000ns
    Discrete Jitter          (DJ):    0.000ns
    Phase Error              (PE):    0.000ns

    Location             Delay type                Incr(ns)  Path(ns)    Netlist Resource(s)
  -------------------------------------------------------------------    -------------------
                         (clock clk_50mhz rise edge)
                                                      0.000     0.000 r  <hidden>
    B6                                                0.000     0.000 r  clk_50mhz
                         net (fo=0)                   0.000     0.000    clk_50mhz
    B6                   IBUF (Prop_ibuf_I_O)         1.500     1.500 r  clk_50mhz_IBUF_inst/O
                         net (fo=1, routed)           2.315     3.815    clk_50mhz_IBUF
    BUFGCTRL_X0Y16       BUFG (Prop_bufg_I_O)         0.096     3.911 r  clk_50mhz_IBUF_BUFG_inst/O
                         net (fo=93, routed)          1.877     5.789    clk_50mhz_IBUF_BUFG
    SLICE_X81Y164        FDCE                                         r  power_count_reg[7]/C
  -------------------------------------------------------------------    -------------------
    SLICE_X81Y164        FDCE (Prop_fdce_C_Q)         0.456     6.245 r  power_count_reg[7]/Q
                         net (fo=3, routed)           0.823     7.068    power_count_reg[7]
    SLICE_X80Y165        LUT2 (Prop_lut2_I1_O)        0.124     7.192 r  FSM_onehot_phase[2]_i_22/O
                         net (fo=1, routed)           0.000     7.192    FSM_onehot_phase[2]_i_22_n_0
    SLICE_X80Y165        CARRY4 (Prop_carry4_S[1]_CO[3])
                                                      0.533     7.725 r  FSM_onehot_phase_reg[2]_i_11/CO[3]
                         net (fo=1, routed)           0.000     7.725    FSM_onehot_phase_reg[2]_i_11_n_0
    SLICE_X80Y166        CARRY4 (Prop_carry4_CI_CO[3])
                                                      0.117     7.842 r  FSM_onehot_phase_reg[2]_i_6/CO[3]
                         net (fo=1, routed)           0.000     7.842    FSM_onehot_phase_reg[2]_i_6_n_0
    SLICE_X80Y167        CARRY4 (Prop_carry4_CI_CO[3])
                                                      0.117     7.959 r  FSM_onehot_phase_reg[2]_i_3/CO[3]
                         net (fo=1, routed)           0.000     7.959    FSM_onehot_phase_reg[2]_i_3_n_0
    SLICE_X80Y168        CARRY4 (Prop_carry4_CI_CO[1])
                                                      0.157     8.116 r  FSM_onehot_phase_reg[2]_i_2/CO[1]
                         net (fo=9, routed)           1.319     9.435    FSM_onehot_phase_reg[2]_i_2_n_2
    SLICE_X80Y164        LUT2 (Prop_lut2_I1_O)        0.332     9.767 r  power_count[0]_i_1/O
                         net (fo=32, routed)          1.239    11.006    power_count[0]_i_1_n_0
    SLICE_X81Y168        FDCE                                         r  power_count_reg[21]/CE
  -------------------------------------------------------------------    -------------------

                         (clock clk_50mhz rise edge)
                                                     20.000    20.000 r  <hidden>
    B6                                                0.000    20.000 r  clk_50mhz
                         net (fo=0)                   0.000    20.000    clk_50mhz
    B6                   IBUF (Prop_ibuf_I_O)         1.429    21.429 r  clk_50mhz_IBUF_inst/O
                         net (fo=1, routed)           2.196    23.625    clk_50mhz_IBUF
    BUFGCTRL_X0Y16       BUFG (Prop_bufg_I_O)         0.091    23.716 r  clk_50mhz_IBUF_BUFG_inst/O
                         net (fo=93, routed)          1.743    25.459    clk_50mhz_IBUF_BUFG
    SLICE_X81Y168        FDCE                                         r  power_count_reg[21]/C
                         clock pessimism              0.299    25.759    <hidden>
                         clock uncertainty           -0.035    25.723    <hidden>
    SLICE_X81Y168        FDCE (Setup_fdce_C_CE)      -0.205    25.518    power_count_reg[21]
  -------------------------------------------------------------------
                         required time                         25.518    <hidden>
                         arrival time                         -11.006    <hidden>
  -------------------------------------------------------------------
                         slack                                 14.513    <hidden>





Min Delay Paths
--------------------------------------------------------------------------------------
Slack (MET) :             0.167ns  (arrival time - required time)
  Source:                 index_reg[3]/C
                            (rising edge-triggered cell FDCE clocked by clk_50mhz  {rise@0.000ns fall@10.000ns period=20.000ns})
  Destination:            index_reg[5]/D
                            (rising edge-triggered cell FDCE clocked by clk_50mhz  {rise@0.000ns fall@10.000ns period=20.000ns})
  Path Group:             clk_50mhz
  Path Type:              Hold (Min at Fast Process Corner)
  Requirement:            0.000ns  (clk_50mhz rise@0.000ns - clk_50mhz rise@0.000ns)
  Data Path Delay:        0.300ns  (logic 0.186ns (62.095%)  route 0.114ns (37.905%))
  Logic Levels:           1  (LUT6=1)
  Clock Path Skew:        0.013ns (DCD - SCD - CPR)
    Destination Clock Delay (DCD):    2.303ns
    Source Clock Delay      (SCD):    1.774ns
    Clock Pessimism Removal (CPR):    0.515ns

    Location             Delay type                Incr(ns)  Path(ns)    Netlist Resource(s)
  -------------------------------------------------------------------    -------------------
                         (clock clk_50mhz rise edge)
                                                      0.000     0.000 r  <hidden>
    B6                                                0.000     0.000 r  clk_50mhz
                         net (fo=0)                   0.000     0.000    clk_50mhz
    B6                   IBUF (Prop_ibuf_I_O)         0.268     0.268 r  clk_50mhz_IBUF_inst/O
                         net (fo=1, routed)           0.808     1.075    clk_50mhz_IBUF
    BUFGCTRL_X0Y16       BUFG (Prop_bufg_I_O)         0.026     1.101 r  clk_50mhz_IBUF_BUFG_inst/O
                         net (fo=93, routed)          0.673     1.774    clk_50mhz_IBUF_BUFG
    SLICE_X85Y165        FDCE                                         r  index_reg[3]/C
  -------------------------------------------------------------------    -------------------
    SLICE_X85Y165        FDCE (Prop_fdce_C_Q)         0.141     1.915 r  index_reg[3]/Q
                         net (fo=16, routed)          0.114     2.029    index__0[3]
    SLICE_X84Y165        LUT6 (Prop_lut6_I2_O)        0.045     2.074 r  index[5]_i_2/O
                         net (fo=1, routed)           0.000     2.074    index[5]_i_2_n_0
    SLICE_X84Y165        FDCE                                         r  index_reg[5]/D
  -------------------------------------------------------------------    -------------------

                         (clock clk_50mhz rise edge)
                                                      0.000     0.000 r  <hidden>
    B6                                                0.000     0.000 r  clk_50mhz
                         net (fo=0)                   0.000     0.000    clk_50mhz
    B6                   IBUF (Prop_ibuf_I_O)         0.456     0.456 r  clk_50mhz_IBUF_inst/O
                         net (fo=1, routed)           0.871     1.327    clk_50mhz_IBUF
    BUFGCTRL_X0Y16       BUFG (Prop_bufg_I_O)         0.029     1.356 r  clk_50mhz_IBUF_BUFG_inst/O
                         net (fo=93, routed)          0.947     2.303    clk_50mhz_IBUF_BUFG
    SLICE_X84Y165        FDCE                                         r  index_reg[5]/C
                         clock pessimism             -0.515     1.787    <hidden>
    SLICE_X84Y165        FDCE (Hold_fdce_C_D)         0.120     1.907    index_reg[5]
  -------------------------------------------------------------------
                         required time                         -1.907    <hidden>
                         arrival time                           2.074    <hidden>
  -------------------------------------------------------------------
                         slack                                  0.167    <hidden>

Slack (MET) :             0.190ns  (arrival time - required time)
  Source:                 tick_count_reg[2]/C
                            (rising edge-triggered cell FDCE clocked by clk_50mhz  {rise@0.000ns fall@10.000ns period=20.000ns})
  Destination:            tick_count_reg[5]/D
                            (rising edge-triggered cell FDCE clocked by clk_50mhz  {rise@0.000ns fall@10.000ns period=20.000ns})
  Path Group:             clk_50mhz
  Path Type:              Hold (Min at Fast Process Corner)
  Requirement:            0.000ns  (clk_50mhz rise@0.000ns - clk_50mhz rise@0.000ns)
  Data Path Delay:        0.294ns  (logic 0.186ns (63.316%)  route 0.108ns (36.684%))
  Logic Levels:           1  (LUT6=1)
  Clock Path Skew:        0.013ns (DCD - SCD - CPR)
    Destination Clock Delay (DCD):    2.304ns
    Source Clock Delay      (SCD):    1.774ns
    Clock Pessimism Removal (CPR):    0.516ns

    Location             Delay type                Incr(ns)  Path(ns)    Netlist Resource(s)
  -------------------------------------------------------------------    -------------------
                         (clock clk_50mhz rise edge)
                                                      0.000     0.000 r  <hidden>
    B6                                                0.000     0.000 r  clk_50mhz
                         net (fo=0)                   0.000     0.000    clk_50mhz
    B6                   IBUF (Prop_ibuf_I_O)         0.268     0.268 r  clk_50mhz_IBUF_inst/O
                         net (fo=1, routed)           0.808     1.075    clk_50mhz_IBUF
    BUFGCTRL_X0Y16       BUFG (Prop_bufg_I_O)         0.026     1.101 r  clk_50mhz_IBUF_BUFG_inst/O
                         net (fo=93, routed)          0.673     1.774    clk_50mhz_IBUF_BUFG
    SLICE_X79Y162        FDCE                                         r  tick_count_reg[2]/C
  -------------------------------------------------------------------    -------------------
    SLICE_X79Y162        FDCE (Prop_fdce_C_Q)         0.141     1.915 r  tick_count_reg[2]/Q
                         net (fo=7, routed)           0.108     2.023    tick_count_reg_n_0_[2]
    SLICE_X78Y162        LUT6 (Prop_lut6_I1_O)        0.045     2.068 r  tick_count[5]_i_1/O
                         net (fo=1, routed)           0.000     2.068    tick_count[5]
    SLICE_X78Y162        FDCE                                         r  tick_count_reg[5]/D
  -------------------------------------------------------------------    -------------------

                         (clock clk_50mhz rise edge)
                                                      0.000     0.000 r  <hidden>
    B6                                                0.000     0.000 r  clk_50mhz
                         net (fo=0)                   0.000     0.000    clk_50mhz
    B6                   IBUF (Prop_ibuf_I_O)         0.456     0.456 r  clk_50mhz_IBUF_inst/O
                         net (fo=1, routed)           0.871     1.327    clk_50mhz_IBUF
    BUFGCTRL_X0Y16       BUFG (Prop_bufg_I_O)         0.029     1.356 r  clk_50mhz_IBUF_BUFG_inst/O
                         net (fo=93, routed)          0.948     2.304    clk_50mhz_IBUF_BUFG
    SLICE_X78Y162        FDCE                                         r  tick_count_reg[5]/C
                         clock pessimism             -0.516     1.787    <hidden>
    SLICE_X78Y162        FDCE (Hold_fdce_C_D)         0.091     1.878    tick_count_reg[5]
  -------------------------------------------------------------------
                         required time                         -1.878    <hidden>
                         arrival time                           2.068    <hidden>
  -------------------------------------------------------------------
                         slack                                  0.190    <hidden>

Slack (MET) :             0.245ns  (arrival time - required time)
  Source:                 index_reg[5]/C
                            (rising edge-triggered cell FDCE clocked by clk_50mhz  {rise@0.000ns fall@10.000ns period=20.000ns})
  Destination:            index_reg[2]/D
                            (rising edge-triggered cell FDCE clocked by clk_50mhz  {rise@0.000ns fall@10.000ns period=20.000ns})
  Path Group:             clk_50mhz
  Path Type:              Hold (Min at Fast Process Corner)
  Requirement:            0.000ns  (clk_50mhz rise@0.000ns - clk_50mhz rise@0.000ns)
  Data Path Delay:        0.350ns  (logic 0.209ns (59.768%)  route 0.141ns (40.232%))
  Logic Levels:           1  (LUT6=1)
  Clock Path Skew:        0.013ns (DCD - SCD - CPR)
    Destination Clock Delay (DCD):    2.303ns
    Source Clock Delay      (SCD):    1.774ns
    Clock Pessimism Removal (CPR):    0.515ns

    Location             Delay type                Incr(ns)  Path(ns)    Netlist Resource(s)
  -------------------------------------------------------------------    -------------------
                         (clock clk_50mhz rise edge)
                                                      0.000     0.000 r  <hidden>
    B6                                                0.000     0.000 r  clk_50mhz
                         net (fo=0)                   0.000     0.000    clk_50mhz
    B6                   IBUF (Prop_ibuf_I_O)         0.268     0.268 r  clk_50mhz_IBUF_inst/O
                         net (fo=1, routed)           0.808     1.075    clk_50mhz_IBUF
    BUFGCTRL_X0Y16       BUFG (Prop_bufg_I_O)         0.026     1.101 r  clk_50mhz_IBUF_BUFG_inst/O
                         net (fo=93, routed)          0.673     1.774    clk_50mhz_IBUF_BUFG
    SLICE_X84Y165        FDCE                                         r  index_reg[5]/C
  -------------------------------------------------------------------    -------------------
    SLICE_X84Y165        FDCE (Prop_fdce_C_Q)         0.164     1.938 r  index_reg[5]/Q
                         net (fo=15, routed)          0.141     2.079    index__0[5]
    SLICE_X85Y165        LUT6 (Prop_lut6_I3_O)        0.045     2.124 r  index[2]_i_1/O
                         net (fo=1, routed)           0.000     2.124    index[2]_i_1_n_0
    SLICE_X85Y165        FDCE                                         r  index_reg[2]/D
  -------------------------------------------------------------------    -------------------

                         (clock clk_50mhz rise edge)
                                                      0.000     0.000 r  <hidden>
    B6                                                0.000     0.000 r  clk_50mhz
                         net (fo=0)                   0.000     0.000    clk_50mhz
    B6                   IBUF (Prop_ibuf_I_O)         0.456     0.456 r  clk_50mhz_IBUF_inst/O
                         net (fo=1, routed)           0.871     1.327    clk_50mhz_IBUF
    BUFGCTRL_X0Y16       BUFG (Prop_bufg_I_O)         0.029     1.356 r  clk_50mhz_IBUF_BUFG_inst/O
                         net (fo=93, routed)          0.947     2.303    clk_50mhz_IBUF_BUFG
    SLICE_X85Y165        FDCE                                         r  index_reg[2]/C
                         clock pessimism             -0.515     1.787    <hidden>
    SLICE_X85Y165        FDCE (Hold_fdce_C_D)         0.092     1.879    index_reg[2]
  -------------------------------------------------------------------
                         required time                         -1.879    <hidden>
                         arrival time                           2.124    <hidden>
  -------------------------------------------------------------------
                         slack                                  0.245    <hidden>

Slack (MET) :             0.248ns  (arrival time - required time)
  Source:                 index_reg[1]/C
                            (rising edge-triggered cell FDCE clocked by clk_50mhz  {rise@0.000ns fall@10.000ns period=20.000ns})
  Destination:            index_reg[3]/D
                            (rising edge-triggered cell FDCE clocked by clk_50mhz  {rise@0.000ns fall@10.000ns period=20.000ns})
  Path Group:             clk_50mhz
  Path Type:              Hold (Min at Fast Process Corner)
  Requirement:            0.000ns  (clk_50mhz rise@0.000ns - clk_50mhz rise@0.000ns)
  Data Path Delay:        0.340ns  (logic 0.186ns (54.783%)  route 0.154ns (45.217%))
  Logic Levels:           1  (LUT6=1)
  Clock Path Skew:        0.000ns (DCD - SCD - CPR)
    Destination Clock Delay (DCD):    2.303ns
    Source Clock Delay      (SCD):    1.774ns
    Clock Pessimism Removal (CPR):    0.528ns

    Location             Delay type                Incr(ns)  Path(ns)    Netlist Resource(s)
  -------------------------------------------------------------------    -------------------
                         (clock clk_50mhz rise edge)
                                                      0.000     0.000 r  <hidden>
    B6                                                0.000     0.000 r  clk_50mhz
                         net (fo=0)                   0.000     0.000    clk_50mhz
    B6                   IBUF (Prop_ibuf_I_O)         0.268     0.268 r  clk_50mhz_IBUF_inst/O
                         net (fo=1, routed)           0.808     1.075    clk_50mhz_IBUF
    BUFGCTRL_X0Y16       BUFG (Prop_bufg_I_O)         0.026     1.101 r  clk_50mhz_IBUF_BUFG_inst/O
                         net (fo=93, routed)          0.673     1.774    clk_50mhz_IBUF_BUFG
    SLICE_X85Y165        FDCE                                         r  index_reg[1]/C
  -------------------------------------------------------------------    -------------------
    SLICE_X85Y165        FDCE (Prop_fdce_C_Q)         0.141     1.915 r  index_reg[1]/Q
                         net (fo=16, routed)          0.154     2.069    index__0[1]
    SLICE_X85Y165        LUT6 (Prop_lut6_I2_O)        0.045     2.114 r  index[3]_i_1/O
                         net (fo=1, routed)           0.000     2.114    index[3]_i_1_n_0
    SLICE_X85Y165        FDCE                                         r  index_reg[3]/D
  -------------------------------------------------------------------    -------------------

                         (clock clk_50mhz rise edge)
                                                      0.000     0.000 r  <hidden>
    B6                                                0.000     0.000 r  clk_50mhz
                         net (fo=0)                   0.000     0.000    clk_50mhz
    B6                   IBUF (Prop_ibuf_I_O)         0.456     0.456 r  clk_50mhz_IBUF_inst/O
                         net (fo=1, routed)           0.871     1.327    clk_50mhz_IBUF
    BUFGCTRL_X0Y16       BUFG (Prop_bufg_I_O)         0.029     1.356 r  clk_50mhz_IBUF_BUFG_inst/O
                         net (fo=93, routed)          0.947     2.303    clk_50mhz_IBUF_BUFG
    SLICE_X85Y165        FDCE                                         r  index_reg[3]/C
                         clock pessimism             -0.528     1.774    <hidden>
    SLICE_X85Y165        FDCE (Hold_fdce_C_D)         0.092     1.866    index_reg[3]
  -------------------------------------------------------------------
                         required time                         -1.866    <hidden>
                         arrival time                           2.114    <hidden>
  -------------------------------------------------------------------
                         slack                                  0.248    <hidden>

Slack (MET) :             0.250ns  (arrival time - required time)
  Source:                 tick_count_reg[4]/C
                            (rising edge-triggered cell FDCE clocked by clk_50mhz  {rise@0.000ns fall@10.000ns period=20.000ns})
  Destination:            tick_count_reg[4]/D
                            (rising edge-triggered cell FDCE clocked by clk_50mhz  {rise@0.000ns fall@10.000ns period=20.000ns})
  Path Group:             clk_50mhz
  Path Type:              Hold (Min at Fast Process Corner)
  Requirement:            0.000ns  (clk_50mhz rise@0.000ns - clk_50mhz rise@0.000ns)
  Data Path Delay:        0.342ns  (logic 0.186ns (54.397%)  route 0.156ns (45.603%))
  Logic Levels:           1  (LUT6=1)
  Clock Path Skew:        0.000ns (DCD - SCD - CPR)
    Destination Clock Delay (DCD):    2.304ns
    Source Clock Delay      (SCD):    1.774ns
    Clock Pessimism Removal (CPR):    0.529ns

    Location             Delay type                Incr(ns)  Path(ns)    Netlist Resource(s)
  -------------------------------------------------------------------    -------------------
                         (clock clk_50mhz rise edge)
                                                      0.000     0.000 r  <hidden>
    B6                                                0.000     0.000 r  clk_50mhz
                         net (fo=0)                   0.000     0.000    clk_50mhz
    B6                   IBUF (Prop_ibuf_I_O)         0.268     0.268 r  clk_50mhz_IBUF_inst/O
                         net (fo=1, routed)           0.808     1.075    clk_50mhz_IBUF
    BUFGCTRL_X0Y16       BUFG (Prop_bufg_I_O)         0.026     1.101 r  clk_50mhz_IBUF_BUFG_inst/O
                         net (fo=93, routed)          0.673     1.774    clk_50mhz_IBUF_BUFG
    SLICE_X79Y162        FDCE                                         r  tick_count_reg[4]/C
  -------------------------------------------------------------------    -------------------
    SLICE_X79Y162        FDCE (Prop_fdce_C_Q)         0.141     1.915 r  tick_count_reg[4]/Q
                         net (fo=5, routed)           0.156     2.071    tick_count_reg_n_0_[4]
    SLICE_X79Y162        LUT6 (Prop_lut6_I5_O)        0.045     2.116 r  tick_count[4]_i_1/O
                         net (fo=1, routed)           0.000     2.116    tick_count[4]
    SLICE_X79Y162        FDCE                                         r  tick_count_reg[4]/D
  -------------------------------------------------------------------    -------------------

                         (clock clk_50mhz rise edge)
                                                      0.000     0.000 r  <hidden>
    B6                                                0.000     0.000 r  clk_50mhz
                         net (fo=0)                   0.000     0.000    clk_50mhz
    B6                   IBUF (Prop_ibuf_I_O)         0.456     0.456 r  clk_50mhz_IBUF_inst/O
                         net (fo=1, routed)           0.871     1.327    clk_50mhz_IBUF
    BUFGCTRL_X0Y16       BUFG (Prop_bufg_I_O)         0.029     1.356 r  clk_50mhz_IBUF_BUFG_inst/O
                         net (fo=93, routed)          0.948     2.304    clk_50mhz_IBUF_BUFG
    SLICE_X79Y162        FDCE                                         r  tick_count_reg[4]/C
                         clock pessimism             -0.529     1.774    <hidden>
    SLICE_X79Y162        FDCE (Hold_fdce_C_D)         0.092     1.866    tick_count_reg[4]
  -------------------------------------------------------------------
                         required time                         -1.866    <hidden>
                         arrival time                           2.116    <hidden>
  -------------------------------------------------------------------
                         slack                                  0.250    <hidden>

Slack (MET) :             0.251ns  (arrival time - required time)
  Source:                 index_reg[1]/C
                            (rising edge-triggered cell FDCE clocked by clk_50mhz  {rise@0.000ns fall@10.000ns period=20.000ns})
  Destination:            index_reg[1]/D
                            (rising edge-triggered cell FDCE clocked by clk_50mhz  {rise@0.000ns fall@10.000ns period=20.000ns})
  Path Group:             clk_50mhz
  Path Type:              Hold (Min at Fast Process Corner)
  Requirement:            0.000ns  (clk_50mhz rise@0.000ns - clk_50mhz rise@0.000ns)
  Data Path Delay:        0.343ns  (logic 0.186ns (54.303%)  route 0.157ns (45.697%))
  Logic Levels:           1  (LUT6=1)
  Clock Path Skew:        0.000ns (DCD - SCD - CPR)
    Destination Clock Delay (DCD):    2.303ns
    Source Clock Delay      (SCD):    1.774ns
    Clock Pessimism Removal (CPR):    0.528ns

    Location             Delay type                Incr(ns)  Path(ns)    Netlist Resource(s)
  -------------------------------------------------------------------    -------------------
                         (clock clk_50mhz rise edge)
                                                      0.000     0.000 r  <hidden>
    B6                                                0.000     0.000 r  clk_50mhz
                         net (fo=0)                   0.000     0.000    clk_50mhz
    B6                   IBUF (Prop_ibuf_I_O)         0.268     0.268 r  clk_50mhz_IBUF_inst/O
                         net (fo=1, routed)           0.808     1.075    clk_50mhz_IBUF
    BUFGCTRL_X0Y16       BUFG (Prop_bufg_I_O)         0.026     1.101 r  clk_50mhz_IBUF_BUFG_inst/O
                         net (fo=93, routed)          0.673     1.774    clk_50mhz_IBUF_BUFG
    SLICE_X85Y165        FDCE                                         r  index_reg[1]/C
  -------------------------------------------------------------------    -------------------
    SLICE_X85Y165        FDCE (Prop_fdce_C_Q)         0.141     1.915 r  index_reg[1]/Q
                         net (fo=16, routed)          0.157     2.072    index__0[1]
    SLICE_X85Y165        LUT6 (Prop_lut6_I5_O)        0.045     2.117 r  index[1]_i_1/O
                         net (fo=1, routed)           0.000     2.117    index[1]_i_1_n_0
    SLICE_X85Y165        FDCE                                         r  index_reg[1]/D
  -------------------------------------------------------------------    -------------------

                         (clock clk_50mhz rise edge)
                                                      0.000     0.000 r  <hidden>
    B6                                                0.000     0.000 r  clk_50mhz
                         net (fo=0)                   0.000     0.000    clk_50mhz
    B6                   IBUF (Prop_ibuf_I_O)         0.456     0.456 r  clk_50mhz_IBUF_inst/O
                         net (fo=1, routed)           0.871     1.327    clk_50mhz_IBUF
    BUFGCTRL_X0Y16       BUFG (Prop_bufg_I_O)         0.029     1.356 r  clk_50mhz_IBUF_BUFG_inst/O
                         net (fo=93, routed)          0.947     2.303    clk_50mhz_IBUF_BUFG
    SLICE_X85Y165        FDCE                                         r  index_reg[1]/C
                         clock pessimism             -0.528     1.774    <hidden>
    SLICE_X85Y165        FDCE (Hold_fdce_C_D)         0.092     1.866    index_reg[1]
  -------------------------------------------------------------------
                         required time                         -1.866    <hidden>
                         arrival time                           2.117    <hidden>
  -------------------------------------------------------------------
                         slack                                  0.251    <hidden>

Slack (MET) :             0.252ns  (arrival time - required time)
  Source:                 power_count_reg[3]/C
                            (rising edge-triggered cell FDCE clocked by clk_50mhz  {rise@0.000ns fall@10.000ns period=20.000ns})
  Destination:            power_count_reg[3]/D
                            (rising edge-triggered cell FDCE clocked by clk_50mhz  {rise@0.000ns fall@10.000ns period=20.000ns})
  Path Group:             clk_50mhz
  Path Type:              Hold (Min at Fast Process Corner)
  Requirement:            0.000ns  (clk_50mhz rise@0.000ns - clk_50mhz rise@0.000ns)
  Data Path Delay:        0.357ns  (logic 0.249ns (69.714%)  route 0.108ns (30.286%))
  Logic Levels:           1  (CARRY4=1)
  Clock Path Skew:        0.000ns (DCD - SCD - CPR)
    Destination Clock Delay (DCD):    2.303ns
    Source Clock Delay      (SCD):    1.773ns
    Clock Pessimism Removal (CPR):    0.529ns

    Location             Delay type                Incr(ns)  Path(ns)    Netlist Resource(s)
  -------------------------------------------------------------------    -------------------
                         (clock clk_50mhz rise edge)
                                                      0.000     0.000 r  <hidden>
    B6                                                0.000     0.000 r  clk_50mhz
                         net (fo=0)                   0.000     0.000    clk_50mhz
    B6                   IBUF (Prop_ibuf_I_O)         0.268     0.268 r  clk_50mhz_IBUF_inst/O
                         net (fo=1, routed)           0.808     1.075    clk_50mhz_IBUF
    BUFGCTRL_X0Y16       BUFG (Prop_bufg_I_O)         0.026     1.101 r  clk_50mhz_IBUF_BUFG_inst/O
                         net (fo=93, routed)          0.672     1.773    clk_50mhz_IBUF_BUFG
    SLICE_X81Y163        FDCE                                         r  power_count_reg[3]/C
  -------------------------------------------------------------------    -------------------
    SLICE_X81Y163        FDCE (Prop_fdce_C_Q)         0.141     1.914 r  power_count_reg[3]/Q
                         net (fo=1, routed)           0.108     2.023    power_count_reg_n_0_[3]
    SLICE_X81Y163        CARRY4 (Prop_carry4_S[3]_O[3])
                                                      0.108     2.131 r  power_count_reg[0]_i_2/O[3]
                         net (fo=1, routed)           0.000     2.131    power_count_reg[0]_i_2_n_4
    SLICE_X81Y163        FDCE                                         r  power_count_reg[3]/D
  -------------------------------------------------------------------    -------------------

                         (clock clk_50mhz rise edge)
                                                      0.000     0.000 r  <hidden>
    B6                                                0.000     0.000 r  clk_50mhz
                         net (fo=0)                   0.000     0.000    clk_50mhz
    B6                   IBUF (Prop_ibuf_I_O)         0.456     0.456 r  clk_50mhz_IBUF_inst/O
                         net (fo=1, routed)           0.871     1.327    clk_50mhz_IBUF
    BUFGCTRL_X0Y16       BUFG (Prop_bufg_I_O)         0.029     1.356 r  clk_50mhz_IBUF_BUFG_inst/O
                         net (fo=93, routed)          0.947     2.303    clk_50mhz_IBUF_BUFG
    SLICE_X81Y163        FDCE                                         r  power_count_reg[3]/C
                         clock pessimism             -0.529     1.773    <hidden>
    SLICE_X81Y163        FDCE (Hold_fdce_C_D)         0.105     1.878    power_count_reg[3]
  -------------------------------------------------------------------
                         required time                         -1.878    <hidden>
                         arrival time                           2.131    <hidden>
  -------------------------------------------------------------------
                         slack                                  0.252    <hidden>

Slack (MET) :             0.256ns  (arrival time - required time)
  Source:                 power_count_reg[2]/C
                            (rising edge-triggered cell FDCE clocked by clk_50mhz  {rise@0.000ns fall@10.000ns period=20.000ns})
  Destination:            power_count_reg[2]/D
                            (rising edge-triggered cell FDCE clocked by clk_50mhz  {rise@0.000ns fall@10.000ns period=20.000ns})
  Path Group:             clk_50mhz
  Path Type:              Hold (Min at Fast Process Corner)
  Requirement:            0.000ns  (clk_50mhz rise@0.000ns - clk_50mhz rise@0.000ns)
  Data Path Delay:        0.361ns  (logic 0.252ns (69.733%)  route 0.109ns (30.267%))
  Logic Levels:           1  (CARRY4=1)
  Clock Path Skew:        0.000ns (DCD - SCD - CPR)
    Destination Clock Delay (DCD):    2.303ns
    Source Clock Delay      (SCD):    1.773ns
    Clock Pessimism Removal (CPR):    0.529ns

    Location             Delay type                Incr(ns)  Path(ns)    Netlist Resource(s)
  -------------------------------------------------------------------    -------------------
                         (clock clk_50mhz rise edge)
                                                      0.000     0.000 r  <hidden>
    B6                                                0.000     0.000 r  clk_50mhz
                         net (fo=0)                   0.000     0.000    clk_50mhz
    B6                   IBUF (Prop_ibuf_I_O)         0.268     0.268 r  clk_50mhz_IBUF_inst/O
                         net (fo=1, routed)           0.808     1.075    clk_50mhz_IBUF
    BUFGCTRL_X0Y16       BUFG (Prop_bufg_I_O)         0.026     1.101 r  clk_50mhz_IBUF_BUFG_inst/O
                         net (fo=93, routed)          0.672     1.773    clk_50mhz_IBUF_BUFG
    SLICE_X81Y163        FDCE                                         r  power_count_reg[2]/C
  -------------------------------------------------------------------    -------------------
    SLICE_X81Y163        FDCE (Prop_fdce_C_Q)         0.141     1.914 r  power_count_reg[2]/Q
                         net (fo=1, routed)           0.109     2.024    power_count_reg_n_0_[2]
    SLICE_X81Y163        CARRY4 (Prop_carry4_S[2]_O[2])
                                                      0.111     2.135 r  power_count_reg[0]_i_2/O[2]
                         net (fo=1, routed)           0.000     2.135    power_count_reg[0]_i_2_n_5
    SLICE_X81Y163        FDCE                                         r  power_count_reg[2]/D
  -------------------------------------------------------------------    -------------------

                         (clock clk_50mhz rise edge)
                                                      0.000     0.000 r  <hidden>
    B6                                                0.000     0.000 r  clk_50mhz
                         net (fo=0)                   0.000     0.000    clk_50mhz
    B6                   IBUF (Prop_ibuf_I_O)         0.456     0.456 r  clk_50mhz_IBUF_inst/O
                         net (fo=1, routed)           0.871     1.327    clk_50mhz_IBUF
    BUFGCTRL_X0Y16       BUFG (Prop_bufg_I_O)         0.029     1.356 r  clk_50mhz_IBUF_BUFG_inst/O
                         net (fo=93, routed)          0.947     2.303    clk_50mhz_IBUF_BUFG
    SLICE_X81Y163        FDCE                                         r  power_count_reg[2]/C
                         clock pessimism             -0.529     1.773    <hidden>
    SLICE_X81Y163        FDCE (Hold_fdce_C_D)         0.105     1.878    power_count_reg[2]
  -------------------------------------------------------------------
                         required time                         -1.878    <hidden>
                         arrival time                           2.135    <hidden>
  -------------------------------------------------------------------
                         slack                                  0.256    <hidden>

Slack (MET) :             0.260ns  (arrival time - required time)
  Source:                 tick_count_reg[2]/C
                            (rising edge-triggered cell FDCE clocked by clk_50mhz  {rise@0.000ns fall@10.000ns period=20.000ns})
  Destination:            tick_reg/D
                            (rising edge-triggered cell FDCE clocked by clk_50mhz  {rise@0.000ns fall@10.000ns period=20.000ns})
  Path Group:             clk_50mhz
  Path Type:              Hold (Min at Fast Process Corner)
  Requirement:            0.000ns  (clk_50mhz rise@0.000ns - clk_50mhz rise@0.000ns)
  Data Path Delay:        0.352ns  (logic 0.186ns (52.780%)  route 0.166ns (47.220%))
  Logic Levels:           1  (LUT6=1)
  Clock Path Skew:        0.000ns (DCD - SCD - CPR)
    Destination Clock Delay (DCD):    2.304ns
    Source Clock Delay      (SCD):    1.774ns
    Clock Pessimism Removal (CPR):    0.529ns

    Location             Delay type                Incr(ns)  Path(ns)    Netlist Resource(s)
  -------------------------------------------------------------------    -------------------
                         (clock clk_50mhz rise edge)
                                                      0.000     0.000 r  <hidden>
    B6                                                0.000     0.000 r  clk_50mhz
                         net (fo=0)                   0.000     0.000    clk_50mhz
    B6                   IBUF (Prop_ibuf_I_O)         0.268     0.268 r  clk_50mhz_IBUF_inst/O
                         net (fo=1, routed)           0.808     1.075    clk_50mhz_IBUF
    BUFGCTRL_X0Y16       BUFG (Prop_bufg_I_O)         0.026     1.101 r  clk_50mhz_IBUF_BUFG_inst/O
                         net (fo=93, routed)          0.673     1.774    clk_50mhz_IBUF_BUFG
    SLICE_X79Y162        FDCE                                         r  tick_count_reg[2]/C
  -------------------------------------------------------------------    -------------------
    SLICE_X79Y162        FDCE (Prop_fdce_C_Q)         0.141     1.915 f  tick_count_reg[2]/Q
                         net (fo=7, routed)           0.166     2.082    tick_count_reg_n_0_[2]
    SLICE_X79Y162        LUT6 (Prop_lut6_I3_O)        0.045     2.127 r  tick_i_1/O
                         net (fo=1, routed)           0.000     2.127    tick
    SLICE_X79Y162        FDCE                                         r  tick_reg/D
  -------------------------------------------------------------------    -------------------

                         (clock clk_50mhz rise edge)
                                                      0.000     0.000 r  <hidden>
    B6                                                0.000     0.000 r  clk_50mhz
                         net (fo=0)                   0.000     0.000    clk_50mhz
    B6                   IBUF (Prop_ibuf_I_O)         0.456     0.456 r  clk_50mhz_IBUF_inst/O
                         net (fo=1, routed)           0.871     1.327    clk_50mhz_IBUF
    BUFGCTRL_X0Y16       BUFG (Prop_bufg_I_O)         0.029     1.356 r  clk_50mhz_IBUF_BUFG_inst/O
                         net (fo=93, routed)          0.948     2.304    clk_50mhz_IBUF_BUFG
    SLICE_X79Y162        FDCE                                         r  tick_reg/C
                         clock pessimism             -0.529     1.774    <hidden>
    SLICE_X79Y162        FDCE (Hold_fdce_C_D)         0.092     1.866    tick_reg
  -------------------------------------------------------------------
                         required time                         -1.866    <hidden>
                         arrival time                           2.127    <hidden>
  -------------------------------------------------------------------
                         slack                                  0.260    <hidden>

Slack (MET) :             0.262ns  (arrival time - required time)
  Source:                 power_count_reg[19]/C
                            (rising edge-triggered cell FDCE clocked by clk_50mhz  {rise@0.000ns fall@10.000ns period=20.000ns})
  Destination:            power_count_reg[19]/D
                            (rising edge-triggered cell FDCE clocked by clk_50mhz  {rise@0.000ns fall@10.000ns period=20.000ns})
  Path Group:             clk_50mhz
  Path Type:              Hold (Min at Fast Process Corner)
  Requirement:            0.000ns  (clk_50mhz rise@0.000ns - clk_50mhz rise@0.000ns)
  Data Path Delay:        0.367ns  (logic 0.249ns (67.838%)  route 0.118ns (32.162%))
  Logic Levels:           1  (CARRY4=1)
  Clock Path Skew:        0.000ns (DCD - SCD - CPR)
    Destination Clock Delay (DCD):    2.300ns
    Source Clock Delay      (SCD):    1.771ns
    Clock Pessimism Removal (CPR):    0.528ns

    Location             Delay type                Incr(ns)  Path(ns)    Netlist Resource(s)
  -------------------------------------------------------------------    -------------------
                         (clock clk_50mhz rise edge)
                                                      0.000     0.000 r  <hidden>
    B6                                                0.000     0.000 r  clk_50mhz
                         net (fo=0)                   0.000     0.000    clk_50mhz
    B6                   IBUF (Prop_ibuf_I_O)         0.268     0.268 r  clk_50mhz_IBUF_inst/O
                         net (fo=1, routed)           0.808     1.075    clk_50mhz_IBUF
    BUFGCTRL_X0Y16       BUFG (Prop_bufg_I_O)         0.026     1.101 r  clk_50mhz_IBUF_BUFG_inst/O
                         net (fo=93, routed)          0.670     1.771    clk_50mhz_IBUF_BUFG
    SLICE_X81Y167        FDCE                                         r  power_count_reg[19]/C
  -------------------------------------------------------------------    -------------------
    SLICE_X81Y167        FDCE (Prop_fdce_C_Q)         0.141     1.912 r  power_count_reg[19]/Q
                         net (fo=2, routed)           0.118     2.031    power_count_reg[19]
    SLICE_X81Y167        CARRY4 (Prop_carry4_S[3]_O[3])
                                                      0.108     2.139 r  power_count_reg[16]_i_1/O[3]
                         net (fo=1, routed)           0.000     2.139    power_count_reg[16]_i_1_n_4
    SLICE_X81Y167        FDCE                                         r  power_count_reg[19]/D
  -------------------------------------------------------------------    -------------------

                         (clock clk_50mhz rise edge)
                                                      0.000     0.000 r  <hidden>
    B6                                                0.000     0.000 r  clk_50mhz
                         net (fo=0)                   0.000     0.000    clk_50mhz
    B6                   IBUF (Prop_ibuf_I_O)         0.456     0.456 r  clk_50mhz_IBUF_inst/O
                         net (fo=1, routed)           0.871     1.327    clk_50mhz_IBUF
    BUFGCTRL_X0Y16       BUFG (Prop_bufg_I_O)         0.029     1.356 r  clk_50mhz_IBUF_BUFG_inst/O
                         net (fo=93, routed)          0.944     2.300    clk_50mhz_IBUF_BUFG
    SLICE_X81Y167        FDCE                                         r  power_count_reg[19]/C
                         clock pessimism             -0.528     1.771    <hidden>
    SLICE_X81Y167        FDCE (Hold_fdce_C_D)         0.105     1.876    power_count_reg[19]
  -------------------------------------------------------------------
                         required time                         -1.876    <hidden>
                         arrival time                           2.139    <hidden>
  -------------------------------------------------------------------
                         slack                                  0.262    <hidden>





Pulse Width Checks
--------------------------------------------------------------------------------------
Clock Name:         clk_50mhz
Waveform(ns):       { 0.000 10.000 }
Period(ns):         20.000
Sources:            { clk_50mhz }

Check Type        Corner  Lib Pin  Reference Pin  Required(ns)  Actual(ns)  Slack(ns)  Location        Pin
Min Period        n/a     BUFG/I   n/a            2.155         20.000      17.845     BUFGCTRL_X0Y16  clk_50mhz_IBUF_BUFG_inst/I
Min Period        n/a     FDPE/C   n/a            1.000         20.000      19.000     SLICE_X84Y164   FSM_onehot_phase_reg[0]/C
Min Period        n/a     FDCE/C   n/a            1.000         20.000      19.000     SLICE_X84Y164   FSM_onehot_phase_reg[1]/C
Min Period        n/a     FDCE/C   n/a            1.000         20.000      19.000     SLICE_X84Y164   FSM_onehot_phase_reg[2]/C
Min Period        n/a     FDCE/C   n/a            1.000         20.000      19.000     SLICE_X85Y165   index_reg[0]/C
Min Period        n/a     FDCE/C   n/a            1.000         20.000      19.000     SLICE_X85Y165   index_reg[1]/C
Min Period        n/a     FDCE/C   n/a            1.000         20.000      19.000     SLICE_X85Y165   index_reg[2]/C
Min Period        n/a     FDCE/C   n/a            1.000         20.000      19.000     SLICE_X85Y165   index_reg[3]/C
Min Period        n/a     FDCE/C   n/a            1.000         20.000      19.000     SLICE_X85Y165   index_reg[4]/C
Min Period        n/a     FDCE/C   n/a            1.000         20.000      19.000     SLICE_X84Y165   index_reg[5]/C
Low Pulse Width   Slow    FDPE/C   n/a            0.500         10.000      9.500      SLICE_X84Y164   FSM_onehot_phase_reg[0]/C
Low Pulse Width   Fast    FDPE/C   n/a            0.500         10.000      9.500      SLICE_X84Y164   FSM_onehot_phase_reg[0]/C
Low Pulse Width   Slow    FDCE/C   n/a            0.500         10.000      9.500      SLICE_X84Y164   FSM_onehot_phase_reg[1]/C
Low Pulse Width   Fast    FDCE/C   n/a            0.500         10.000      9.500      SLICE_X84Y164   FSM_onehot_phase_reg[1]/C
Low Pulse Width   Slow    FDCE/C   n/a            0.500         10.000      9.500      SLICE_X84Y164   FSM_onehot_phase_reg[2]/C
Low Pulse Width   Fast    FDCE/C   n/a            0.500         10.000      9.500      SLICE_X84Y164   FSM_onehot_phase_reg[2]/C
Low Pulse Width   Slow    FDCE/C   n/a            0.500         10.000      9.500      SLICE_X85Y165   index_reg[0]/C
Low Pulse Width   Fast    FDCE/C   n/a            0.500         10.000      9.500      SLICE_X85Y165   index_reg[0]/C
Low Pulse Width   Slow    FDCE/C   n/a            0.500         10.000      9.500      SLICE_X85Y165   index_reg[1]/C
Low Pulse Width   Fast    FDCE/C   n/a            0.500         10.000      9.500      SLICE_X85Y165   index_reg[1]/C
High Pulse Width  Slow    FDPE/C   n/a            0.500         10.000      9.500      SLICE_X84Y164   FSM_onehot_phase_reg[0]/C
High Pulse Width  Fast    FDPE/C   n/a            0.500         10.000      9.500      SLICE_X84Y164   FSM_onehot_phase_reg[0]/C
High Pulse Width  Slow    FDCE/C   n/a            0.500         10.000      9.500      SLICE_X84Y164   FSM_onehot_phase_reg[1]/C
High Pulse Width  Fast    FDCE/C   n/a            0.500         10.000      9.500      SLICE_X84Y164   FSM_onehot_phase_reg[1]/C
High Pulse Width  Slow    FDCE/C   n/a            0.500         10.000      9.500      SLICE_X84Y164   FSM_onehot_phase_reg[2]/C
High Pulse Width  Fast    FDCE/C   n/a            0.500         10.000      9.500      SLICE_X84Y164   FSM_onehot_phase_reg[2]/C
High Pulse Width  Slow    FDCE/C   n/a            0.500         10.000      9.500      SLICE_X85Y165   index_reg[0]/C
High Pulse Width  Fast    FDCE/C   n/a            0.500         10.000      9.500      SLICE_X85Y165   index_reg[0]/C
High Pulse Width  Slow    FDCE/C   n/a            0.500         10.000      9.500      SLICE_X85Y165   index_reg[1]/C
High Pulse Width  Fast    FDCE/C   n/a            0.500         10.000      9.500      SLICE_X85Y165   index_reg[1]/C



--------------------------------------------------------------------------------------
Path Group:  (none)
From Clock:  
  To Clock:  clk_50mhz

Max Delay            93 Endpoints
Min Delay            93 Endpoints
--------------------------------------------------------------------------------------


Max Delay Paths
--------------------------------------------------------------------------------------
Slack:                    inf
  Source:                 rst_p
                            (input port)
  Destination:            power_count_reg[12]/CLR
                            (recovery check against rising-edge clock clk_50mhz  {rise@0.000ns fall@10.000ns period=20.000ns})
  Path Group:             (none)
  Path Type:              Recovery (Max at Slow Process Corner)
  Data Path Delay:        4.960ns  (logic 1.468ns (29.604%)  route 3.492ns (70.396%))
  Logic Levels:           1  (IBUF=1)
  Clock Path Skew:        5.462ns (DCD - SCD + CPR)
    Destination Clock Delay (DCD):    5.462ns
    Source Clock Delay      (SCD):    0.000ns
    Clock Pessimism Removal (CPR):    0.000ns
  Clock Uncertainty:      0.025ns  ((TSJ^2 + TIJ^2)^1/2 + DJ) / 2 + PE
    Total System Jitter     (TSJ):    0.050ns
    Total Input Jitter      (TIJ):    0.000ns
    Discrete Jitter          (DJ):    0.000ns
    Phase Error              (PE):    0.000ns
  Timing Exception:       False Path

    Location             Delay type                Incr(ns)  Path(ns)    Netlist Resource(s)
  -------------------------------------------------------------------    -------------------
    K4                                                0.000     0.000 f  rst_p
                         net (fo=0)                   0.000     0.000    rst_p
    K4                   IBUF (Prop_ibuf_I_O)         1.468     1.468 f  rst_p_IBUF_inst/O
                         net (fo=93, routed)          3.492     4.960    rst_p_IBUF
    SLICE_X81Y166        FDCE                                         f  power_count_reg[12]/CLR
  -------------------------------------------------------------------    -------------------

                         (clock clk_50mhz rise edge)
                                                      0.000     0.000 r  <hidden>
    B6                                                0.000     0.000 r  clk_50mhz
                         net (fo=0)                   0.000     0.000    clk_50mhz
    B6                   IBUF (Prop_ibuf_I_O)         1.429     1.429 r  clk_50mhz_IBUF_inst/O
                         net (fo=1, routed)           2.196     3.625    clk_50mhz_IBUF
    BUFGCTRL_X0Y16       BUFG (Prop_bufg_I_O)         0.091     3.716 r  clk_50mhz_IBUF_BUFG_inst/O
                         net (fo=93, routed)          1.746     5.462    clk_50mhz_IBUF_BUFG
    SLICE_X81Y166        FDCE                                         r  power_count_reg[12]/C

Slack:                    inf
  Source:                 rst_p
                            (input port)
  Destination:            power_count_reg[13]/CLR
                            (recovery check against rising-edge clock clk_50mhz  {rise@0.000ns fall@10.000ns period=20.000ns})
  Path Group:             (none)
  Path Type:              Recovery (Max at Slow Process Corner)
  Data Path Delay:        4.960ns  (logic 1.468ns (29.604%)  route 3.492ns (70.396%))
  Logic Levels:           1  (IBUF=1)
  Clock Path Skew:        5.462ns (DCD - SCD + CPR)
    Destination Clock Delay (DCD):    5.462ns
    Source Clock Delay      (SCD):    0.000ns
    Clock Pessimism Removal (CPR):    0.000ns
  Clock Uncertainty:      0.025ns  ((TSJ^2 + TIJ^2)^1/2 + DJ) / 2 + PE
    Total System Jitter     (TSJ):    0.050ns
    Total Input Jitter      (TIJ):    0.000ns
    Discrete Jitter          (DJ):    0.000ns
    Phase Error              (PE):    0.000ns
  Timing Exception:       False Path

    Location             Delay type                Incr(ns)  Path(ns)    Netlist Resource(s)
  -------------------------------------------------------------------    -------------------
    K4                                                0.000     0.000 f  rst_p
                         net (fo=0)                   0.000     0.000    rst_p
    K4                   IBUF (Prop_ibuf_I_O)         1.468     1.468 f  rst_p_IBUF_inst/O
                         net (fo=93, routed)          3.492     4.960    rst_p_IBUF
    SLICE_X81Y166        FDCE                                         f  power_count_reg[13]/CLR
  -------------------------------------------------------------------    -------------------

                         (clock clk_50mhz rise edge)
                                                      0.000     0.000 r  <hidden>
    B6                                                0.000     0.000 r  clk_50mhz
                         net (fo=0)                   0.000     0.000    clk_50mhz
    B6                   IBUF (Prop_ibuf_I_O)         1.429     1.429 r  clk_50mhz_IBUF_inst/O
                         net (fo=1, routed)           2.196     3.625    clk_50mhz_IBUF
    BUFGCTRL_X0Y16       BUFG (Prop_bufg_I_O)         0.091     3.716 r  clk_50mhz_IBUF_BUFG_inst/O
                         net (fo=93, routed)          1.746     5.462    clk_50mhz_IBUF_BUFG
    SLICE_X81Y166        FDCE                                         r  power_count_reg[13]/C

Slack:                    inf
  Source:                 rst_p
                            (input port)
  Destination:            power_count_reg[14]/CLR
                            (recovery check against rising-edge clock clk_50mhz  {rise@0.000ns fall@10.000ns period=20.000ns})
  Path Group:             (none)
  Path Type:              Recovery (Max at Slow Process Corner)
  Data Path Delay:        4.960ns  (logic 1.468ns (29.604%)  route 3.492ns (70.396%))
  Logic Levels:           1  (IBUF=1)
  Clock Path Skew:        5.462ns (DCD - SCD + CPR)
    Destination Clock Delay (DCD):    5.462ns
    Source Clock Delay      (SCD):    0.000ns
    Clock Pessimism Removal (CPR):    0.000ns
  Clock Uncertainty:      0.025ns  ((TSJ^2 + TIJ^2)^1/2 + DJ) / 2 + PE
    Total System Jitter     (TSJ):    0.050ns
    Total Input Jitter      (TIJ):    0.000ns
    Discrete Jitter          (DJ):    0.000ns
    Phase Error              (PE):    0.000ns
  Timing Exception:       False Path

    Location             Delay type                Incr(ns)  Path(ns)    Netlist Resource(s)
  -------------------------------------------------------------------    -------------------
    K4                                                0.000     0.000 f  rst_p
                         net (fo=0)                   0.000     0.000    rst_p
    K4                   IBUF (Prop_ibuf_I_O)         1.468     1.468 f  rst_p_IBUF_inst/O
                         net (fo=93, routed)          3.492     4.960    rst_p_IBUF
    SLICE_X81Y166        FDCE                                         f  power_count_reg[14]/CLR
  -------------------------------------------------------------------    -------------------

                         (clock clk_50mhz rise edge)
                                                      0.000     0.000 r  <hidden>
    B6                                                0.000     0.000 r  clk_50mhz
                         net (fo=0)                   0.000     0.000    clk_50mhz
    B6                   IBUF (Prop_ibuf_I_O)         1.429     1.429 r  clk_50mhz_IBUF_inst/O
                         net (fo=1, routed)           2.196     3.625    clk_50mhz_IBUF
    BUFGCTRL_X0Y16       BUFG (Prop_bufg_I_O)         0.091     3.716 r  clk_50mhz_IBUF_BUFG_inst/O
                         net (fo=93, routed)          1.746     5.462    clk_50mhz_IBUF_BUFG
    SLICE_X81Y166        FDCE                                         r  power_count_reg[14]/C

Slack:                    inf
  Source:                 rst_p
                            (input port)
  Destination:            power_count_reg[15]/CLR
                            (recovery check against rising-edge clock clk_50mhz  {rise@0.000ns fall@10.000ns period=20.000ns})
  Path Group:             (none)
  Path Type:              Recovery (Max at Slow Process Corner)
  Data Path Delay:        4.960ns  (logic 1.468ns (29.604%)  route 3.492ns (70.396%))
  Logic Levels:           1  (IBUF=1)
  Clock Path Skew:        5.462ns (DCD - SCD + CPR)
    Destination Clock Delay (DCD):    5.462ns
    Source Clock Delay      (SCD):    0.000ns
    Clock Pessimism Removal (CPR):    0.000ns
  Clock Uncertainty:      0.025ns  ((TSJ^2 + TIJ^2)^1/2 + DJ) / 2 + PE
    Total System Jitter     (TSJ):    0.050ns
    Total Input Jitter      (TIJ):    0.000ns
    Discrete Jitter          (DJ):    0.000ns
    Phase Error              (PE):    0.000ns
  Timing Exception:       False Path

    Location             Delay type                Incr(ns)  Path(ns)    Netlist Resource(s)
  -------------------------------------------------------------------    -------------------
    K4                                                0.000     0.000 f  rst_p
                         net (fo=0)                   0.000     0.000    rst_p
    K4                   IBUF (Prop_ibuf_I_O)         1.468     1.468 f  rst_p_IBUF_inst/O
                         net (fo=93, routed)          3.492     4.960    rst_p_IBUF
    SLICE_X81Y166        FDCE                                         f  power_count_reg[15]/CLR
  -------------------------------------------------------------------    -------------------

                         (clock clk_50mhz rise edge)
                                                      0.000     0.000 r  <hidden>
    B6                                                0.000     0.000 r  clk_50mhz
                         net (fo=0)                   0.000     0.000    clk_50mhz
    B6                   IBUF (Prop_ibuf_I_O)         1.429     1.429 r  clk_50mhz_IBUF_inst/O
                         net (fo=1, routed)           2.196     3.625    clk_50mhz_IBUF
    BUFGCTRL_X0Y16       BUFG (Prop_bufg_I_O)         0.091     3.716 r  clk_50mhz_IBUF_BUFG_inst/O
                         net (fo=93, routed)          1.746     5.462    clk_50mhz_IBUF_BUFG
    SLICE_X81Y166        FDCE                                         r  power_count_reg[15]/C

Slack:                    inf
  Source:                 rst_p
                            (input port)
  Destination:            power_count_reg[28]/CLR
                            (recovery check against rising-edge clock clk_50mhz  {rise@0.000ns fall@10.000ns period=20.000ns})
  Path Group:             (none)
  Path Type:              Recovery (Max at Slow Process Corner)
  Data Path Delay:        4.950ns  (logic 1.468ns (29.668%)  route 3.481ns (70.332%))
  Logic Levels:           1  (IBUF=1)
  Clock Path Skew:        5.458ns (DCD - SCD + CPR)
    Destination Clock Delay (DCD):    5.458ns
    Source Clock Delay      (SCD):    0.000ns
    Clock Pessimism Removal (CPR):    0.000ns
  Clock Uncertainty:      0.025ns  ((TSJ^2 + TIJ^2)^1/2 + DJ) / 2 + PE
    Total System Jitter     (TSJ):    0.050ns
    Total Input Jitter      (TIJ):    0.000ns
    Discrete Jitter          (DJ):    0.000ns
    Phase Error              (PE):    0.000ns
  Timing Exception:       False Path

    Location             Delay type                Incr(ns)  Path(ns)    Netlist Resource(s)
  -------------------------------------------------------------------    -------------------
    K4                                                0.000     0.000 f  rst_p
                         net (fo=0)                   0.000     0.000    rst_p
    K4                   IBUF (Prop_ibuf_I_O)         1.468     1.468 f  rst_p_IBUF_inst/O
                         net (fo=93, routed)          3.481     4.950    rst_p_IBUF
    SLICE_X81Y170        FDCE                                         f  power_count_reg[28]/CLR
  -------------------------------------------------------------------    -------------------

                         (clock clk_50mhz rise edge)
                                                      0.000     0.000 r  <hidden>
    B6                                                0.000     0.000 r  clk_50mhz
                         net (fo=0)                   0.000     0.000    clk_50mhz
    B6                   IBUF (Prop_ibuf_I_O)         1.429     1.429 r  clk_50mhz_IBUF_inst/O
                         net (fo=1, routed)           2.196     3.625    clk_50mhz_IBUF
    BUFGCTRL_X0Y16       BUFG (Prop_bufg_I_O)         0.091     3.716 r  clk_50mhz_IBUF_BUFG_inst/O
                         net (fo=93, routed)          1.742     5.458    clk_50mhz_IBUF_BUFG
    SLICE_X81Y170        FDCE                                         r  power_count_reg[28]/C

Slack:                    inf
  Source:                 rst_p
                            (input port)
  Destination:            power_count_reg[29]/CLR
                            (recovery check against rising-edge clock clk_50mhz  {rise@0.000ns fall@10.000ns period=20.000ns})
  Path Group:             (none)
  Path Type:              Recovery (Max at Slow Process Corner)
  Data Path Delay:        4.950ns  (logic 1.468ns (29.668%)  route 3.481ns (70.332%))
  Logic Levels:           1  (IBUF=1)
  Clock Path Skew:        5.458ns (DCD - SCD + CPR)
    Destination Clock Delay (DCD):    5.458ns
    Source Clock Delay      (SCD):    0.000ns
    Clock Pessimism Removal (CPR):    0.000ns
  Clock Uncertainty:      0.025ns  ((TSJ^2 + TIJ^2)^1/2 + DJ) / 2 + PE
    Total System Jitter     (TSJ):    0.050ns
    Total Input Jitter      (TIJ):    0.000ns
    Discrete Jitter          (DJ):    0.000ns
    Phase Error              (PE):    0.000ns
  Timing Exception:       False Path

    Location             Delay type                Incr(ns)  Path(ns)    Netlist Resource(s)
  -------------------------------------------------------------------    -------------------
    K4                                                0.000     0.000 f  rst_p
                         net (fo=0)                   0.000     0.000    rst_p
    K4                   IBUF (Prop_ibuf_I_O)         1.468     1.468 f  rst_p_IBUF_inst/O
                         net (fo=93, routed)          3.481     4.950    rst_p_IBUF
    SLICE_X81Y170        FDCE                                         f  power_count_reg[29]/CLR
  -------------------------------------------------------------------    -------------------

                         (clock clk_50mhz rise edge)
                                                      0.000     0.000 r  <hidden>
    B6                                                0.000     0.000 r  clk_50mhz
                         net (fo=0)                   0.000     0.000    clk_50mhz
    B6                   IBUF (Prop_ibuf_I_O)         1.429     1.429 r  clk_50mhz_IBUF_inst/O
                         net (fo=1, routed)           2.196     3.625    clk_50mhz_IBUF
    BUFGCTRL_X0Y16       BUFG (Prop_bufg_I_O)         0.091     3.716 r  clk_50mhz_IBUF_BUFG_inst/O
                         net (fo=93, routed)          1.742     5.458    clk_50mhz_IBUF_BUFG
    SLICE_X81Y170        FDCE                                         r  power_count_reg[29]/C

Slack:                    inf
  Source:                 rst_p
                            (input port)
  Destination:            power_count_reg[30]/CLR
                            (recovery check against rising-edge clock clk_50mhz  {rise@0.000ns fall@10.000ns period=20.000ns})
  Path Group:             (none)
  Path Type:              Recovery (Max at Slow Process Corner)
  Data Path Delay:        4.950ns  (logic 1.468ns (29.668%)  route 3.481ns (70.332%))
  Logic Levels:           1  (IBUF=1)
  Clock Path Skew:        5.458ns (DCD - SCD + CPR)
    Destination Clock Delay (DCD):    5.458ns
    Source Clock Delay      (SCD):    0.000ns
    Clock Pessimism Removal (CPR):    0.000ns
  Clock Uncertainty:      0.025ns  ((TSJ^2 + TIJ^2)^1/2 + DJ) / 2 + PE
    Total System Jitter     (TSJ):    0.050ns
    Total Input Jitter      (TIJ):    0.000ns
    Discrete Jitter          (DJ):    0.000ns
    Phase Error              (PE):    0.000ns
  Timing Exception:       False Path

    Location             Delay type                Incr(ns)  Path(ns)    Netlist Resource(s)
  -------------------------------------------------------------------    -------------------
    K4                                                0.000     0.000 f  rst_p
                         net (fo=0)                   0.000     0.000    rst_p
    K4                   IBUF (Prop_ibuf_I_O)         1.468     1.468 f  rst_p_IBUF_inst/O
                         net (fo=93, routed)          3.481     4.950    rst_p_IBUF
    SLICE_X81Y170        FDCE                                         f  power_count_reg[30]/CLR
  -------------------------------------------------------------------    -------------------

                         (clock clk_50mhz rise edge)
                                                      0.000     0.000 r  <hidden>
    B6                                                0.000     0.000 r  clk_50mhz
                         net (fo=0)                   0.000     0.000    clk_50mhz
    B6                   IBUF (Prop_ibuf_I_O)         1.429     1.429 r  clk_50mhz_IBUF_inst/O
                         net (fo=1, routed)           2.196     3.625    clk_50mhz_IBUF
    BUFGCTRL_X0Y16       BUFG (Prop_bufg_I_O)         0.091     3.716 r  clk_50mhz_IBUF_BUFG_inst/O
                         net (fo=93, routed)          1.742     5.458    clk_50mhz_IBUF_BUFG
    SLICE_X81Y170        FDCE                                         r  power_count_reg[30]/C

Slack:                    inf
  Source:                 rst_p
                            (input port)
  Destination:            power_count_reg[31]/CLR
                            (recovery check against rising-edge clock clk_50mhz  {rise@0.000ns fall@10.000ns period=20.000ns})
  Path Group:             (none)
  Path Type:              Recovery (Max at Slow Process Corner)
  Data Path Delay:        4.950ns  (logic 1.468ns (29.668%)  route 3.481ns (70.332%))
  Logic Levels:           1  (IBUF=1)
  Clock Path Skew:        5.458ns (DCD - SCD + CPR)
    Destination Clock Delay (DCD):    5.458ns
    Source Clock Delay      (SCD):    0.000ns
    Clock Pessimism Removal (CPR):    0.000ns
  Clock Uncertainty:      0.025ns  ((TSJ^2 + TIJ^2)^1/2 + DJ) / 2 + PE
    Total System Jitter     (TSJ):    0.050ns
    Total Input Jitter      (TIJ):    0.000ns
    Discrete Jitter          (DJ):    0.000ns
    Phase Error              (PE):    0.000ns
  Timing Exception:       False Path

    Location             Delay type                Incr(ns)  Path(ns)    Netlist Resource(s)
  -------------------------------------------------------------------    -------------------
    K4                                                0.000     0.000 f  rst_p
                         net (fo=0)                   0.000     0.000    rst_p
    K4                   IBUF (Prop_ibuf_I_O)         1.468     1.468 f  rst_p_IBUF_inst/O
                         net (fo=93, routed)          3.481     4.950    rst_p_IBUF
    SLICE_X81Y170        FDCE                                         f  power_count_reg[31]/CLR
  -------------------------------------------------------------------    -------------------

                         (clock clk_50mhz rise edge)
                                                      0.000     0.000 r  <hidden>
    B6                                                0.000     0.000 r  clk_50mhz
                         net (fo=0)                   0.000     0.000    clk_50mhz
    B6                   IBUF (Prop_ibuf_I_O)         1.429     1.429 r  clk_50mhz_IBUF_inst/O
                         net (fo=1, routed)           2.196     3.625    clk_50mhz_IBUF
    BUFGCTRL_X0Y16       BUFG (Prop_bufg_I_O)         0.091     3.716 r  clk_50mhz_IBUF_BUFG_inst/O
                         net (fo=93, routed)          1.742     5.458    clk_50mhz_IBUF_BUFG
    SLICE_X81Y170        FDCE                                         r  power_count_reg[31]/C

Slack:                    inf
  Source:                 rst_p
                            (input port)
  Destination:            power_count_reg[24]/CLR
                            (recovery check against rising-edge clock clk_50mhz  {rise@0.000ns fall@10.000ns period=20.000ns})
  Path Group:             (none)
  Path Type:              Recovery (Max at Slow Process Corner)
  Data Path Delay:        4.811ns  (logic 1.468ns (30.521%)  route 3.343ns (69.479%))
  Logic Levels:           1  (IBUF=1)
  Clock Path Skew:        5.458ns (DCD - SCD + CPR)
    Destination Clock Delay (DCD):    5.458ns
    Source Clock Delay      (SCD):    0.000ns
    Clock Pessimism Removal (CPR):    0.000ns
  Clock Uncertainty:      0.025ns  ((TSJ^2 + TIJ^2)^1/2 + DJ) / 2 + PE
    Total System Jitter     (TSJ):    0.050ns
    Total Input Jitter      (TIJ):    0.000ns
    Discrete Jitter          (DJ):    0.000ns
    Phase Error              (PE):    0.000ns
  Timing Exception:       False Path

    Location             Delay type                Incr(ns)  Path(ns)    Netlist Resource(s)
  -------------------------------------------------------------------    -------------------
    K4                                                0.000     0.000 f  rst_p
                         net (fo=0)                   0.000     0.000    rst_p
    K4                   IBUF (Prop_ibuf_I_O)         1.468     1.468 f  rst_p_IBUF_inst/O
                         net (fo=93, routed)          3.343     4.811    rst_p_IBUF
    SLICE_X81Y169        FDCE                                         f  power_count_reg[24]/CLR
  -------------------------------------------------------------------    -------------------

                         (clock clk_50mhz rise edge)
                                                      0.000     0.000 r  <hidden>
    B6                                                0.000     0.000 r  clk_50mhz
                         net (fo=0)                   0.000     0.000    clk_50mhz
    B6                   IBUF (Prop_ibuf_I_O)         1.429     1.429 r  clk_50mhz_IBUF_inst/O
                         net (fo=1, routed)           2.196     3.625    clk_50mhz_IBUF
    BUFGCTRL_X0Y16       BUFG (Prop_bufg_I_O)         0.091     3.716 r  clk_50mhz_IBUF_BUFG_inst/O
                         net (fo=93, routed)          1.742     5.458    clk_50mhz_IBUF_BUFG
    SLICE_X81Y169        FDCE                                         r  power_count_reg[24]/C

Slack:                    inf
  Source:                 rst_p
                            (input port)
  Destination:            power_count_reg[25]/CLR
                            (recovery check against rising-edge clock clk_50mhz  {rise@0.000ns fall@10.000ns period=20.000ns})
  Path Group:             (none)
  Path Type:              Recovery (Max at Slow Process Corner)
  Data Path Delay:        4.811ns  (logic 1.468ns (30.521%)  route 3.343ns (69.479%))
  Logic Levels:           1  (IBUF=1)
  Clock Path Skew:        5.458ns (DCD - SCD + CPR)
    Destination Clock Delay (DCD):    5.458ns
    Source Clock Delay      (SCD):    0.000ns
    Clock Pessimism Removal (CPR):    0.000ns
  Clock Uncertainty:      0.025ns  ((TSJ^2 + TIJ^2)^1/2 + DJ) / 2 + PE
    Total System Jitter     (TSJ):    0.050ns
    Total Input Jitter      (TIJ):    0.000ns
    Discrete Jitter          (DJ):    0.000ns
    Phase Error              (PE):    0.000ns
  Timing Exception:       False Path

    Location             Delay type                Incr(ns)  Path(ns)    Netlist Resource(s)
  -------------------------------------------------------------------    -------------------
    K4                                                0.000     0.000 f  rst_p
                         net (fo=0)                   0.000     0.000    rst_p
    K4                   IBUF (Prop_ibuf_I_O)         1.468     1.468 f  rst_p_IBUF_inst/O
                         net (fo=93, routed)          3.343     4.811    rst_p_IBUF
    SLICE_X81Y169        FDCE                                         f  power_count_reg[25]/CLR
  -------------------------------------------------------------------    -------------------

                         (clock clk_50mhz rise edge)
                                                      0.000     0.000 r  <hidden>
    B6                                                0.000     0.000 r  clk_50mhz
                         net (fo=0)                   0.000     0.000    clk_50mhz
    B6                   IBUF (Prop_ibuf_I_O)         1.429     1.429 r  clk_50mhz_IBUF_inst/O
                         net (fo=1, routed)           2.196     3.625    clk_50mhz_IBUF
    BUFGCTRL_X0Y16       BUFG (Prop_bufg_I_O)         0.091     3.716 r  clk_50mhz_IBUF_BUFG_inst/O
                         net (fo=93, routed)          1.742     5.458    clk_50mhz_IBUF_BUFG
    SLICE_X81Y169        FDCE                                         r  power_count_reg[25]/C





Min Delay Paths
--------------------------------------------------------------------------------------
Slack:                    inf
  Source:                 rst_p
                            (input port)
  Destination:            wait_count_reg[11]/CLR
                            (removal check against rising-edge clock clk_50mhz  {rise@0.000ns fall@10.000ns period=20.000ns})
  Path Group:             (none)
  Path Type:              Removal (Min at Fast Process Corner)
  Data Path Delay:        0.968ns  (logic 0.236ns (24.424%)  route 0.731ns (75.576%))
  Logic Levels:           1  (IBUF=1)
  Clock Path Skew:        2.307ns (DCD - SCD - CPR)
    Destination Clock Delay (DCD):    2.307ns
    Source Clock Delay      (SCD):    0.000ns
    Clock Pessimism Removal (CPR):    -0.000ns
  Timing Exception:       False Path

    Location             Delay type                Incr(ns)  Path(ns)    Netlist Resource(s)
  -------------------------------------------------------------------    -------------------
    K4                                                0.000     0.000 f  rst_p
                         net (fo=0)                   0.000     0.000    rst_p
    K4                   IBUF (Prop_ibuf_I_O)         0.236     0.236 f  rst_p_IBUF_inst/O
                         net (fo=93, routed)          0.731     0.968    rst_p_IBUF
    SLICE_X84Y161        FDCE                                         f  wait_count_reg[11]/CLR
  -------------------------------------------------------------------    -------------------

                         (clock clk_50mhz rise edge)
                                                      0.000     0.000 r  <hidden>
    B6                                                0.000     0.000 r  clk_50mhz
                         net (fo=0)                   0.000     0.000    clk_50mhz
    B6                   IBUF (Prop_ibuf_I_O)         0.456     0.456 r  clk_50mhz_IBUF_inst/O
                         net (fo=1, routed)           0.871     1.327    clk_50mhz_IBUF
    BUFGCTRL_X0Y16       BUFG (Prop_bufg_I_O)         0.029     1.356 r  clk_50mhz_IBUF_BUFG_inst/O
                         net (fo=93, routed)          0.951     2.307    clk_50mhz_IBUF_BUFG
    SLICE_X84Y161        FDCE                                         r  wait_count_reg[11]/C

Slack:                    inf
  Source:                 rst_p
                            (input port)
  Destination:            wait_count_reg[12]/CLR
                            (removal check against rising-edge clock clk_50mhz  {rise@0.000ns fall@10.000ns period=20.000ns})
  Path Group:             (none)
  Path Type:              Removal (Min at Fast Process Corner)
  Data Path Delay:        0.968ns  (logic 0.236ns (24.424%)  route 0.731ns (75.576%))
  Logic Levels:           1  (IBUF=1)
  Clock Path Skew:        2.307ns (DCD - SCD - CPR)
    Destination Clock Delay (DCD):    2.307ns
    Source Clock Delay      (SCD):    0.000ns
    Clock Pessimism Removal (CPR):    -0.000ns
  Timing Exception:       False Path

    Location             Delay type                Incr(ns)  Path(ns)    Netlist Resource(s)
  -------------------------------------------------------------------    -------------------
    K4                                                0.000     0.000 f  rst_p
                         net (fo=0)                   0.000     0.000    rst_p
    K4                   IBUF (Prop_ibuf_I_O)         0.236     0.236 f  rst_p_IBUF_inst/O
                         net (fo=93, routed)          0.731     0.968    rst_p_IBUF
    SLICE_X84Y161        FDCE                                         f  wait_count_reg[12]/CLR
  -------------------------------------------------------------------    -------------------

                         (clock clk_50mhz rise edge)
                                                      0.000     0.000 r  <hidden>
    B6                                                0.000     0.000 r  clk_50mhz
                         net (fo=0)                   0.000     0.000    clk_50mhz
    B6                   IBUF (Prop_ibuf_I_O)         0.456     0.456 r  clk_50mhz_IBUF_inst/O
                         net (fo=1, routed)           0.871     1.327    clk_50mhz_IBUF
    BUFGCTRL_X0Y16       BUFG (Prop_bufg_I_O)         0.029     1.356 r  clk_50mhz_IBUF_BUFG_inst/O
                         net (fo=93, routed)          0.951     2.307    clk_50mhz_IBUF_BUFG
    SLICE_X84Y161        FDCE                                         r  wait_count_reg[12]/C

Slack:                    inf
  Source:                 rst_p
                            (input port)
  Destination:            wait_count_reg[30]/CLR
                            (removal check against rising-edge clock clk_50mhz  {rise@0.000ns fall@10.000ns period=20.000ns})
  Path Group:             (none)
  Path Type:              Removal (Min at Fast Process Corner)
  Data Path Delay:        0.968ns  (logic 0.236ns (24.424%)  route 0.731ns (75.576%))
  Logic Levels:           1  (IBUF=1)
  Clock Path Skew:        2.307ns (DCD - SCD - CPR)
    Destination Clock Delay (DCD):    2.307ns
    Source Clock Delay      (SCD):    0.000ns
    Clock Pessimism Removal (CPR):    -0.000ns
  Timing Exception:       False Path

    Location             Delay type                Incr(ns)  Path(ns)    Netlist Resource(s)
  -------------------------------------------------------------------    -------------------
    K4                                                0.000     0.000 f  rst_p
                         net (fo=0)                   0.000     0.000    rst_p
    K4                   IBUF (Prop_ibuf_I_O)         0.236     0.236 f  rst_p_IBUF_inst/O
                         net (fo=93, routed)          0.731     0.968    rst_p_IBUF
    SLICE_X84Y161        FDCE                                         f  wait_count_reg[30]/CLR
  -------------------------------------------------------------------    -------------------

                         (clock clk_50mhz rise edge)
                                                      0.000     0.000 r  <hidden>
    B6                                                0.000     0.000 r  clk_50mhz
                         net (fo=0)                   0.000     0.000    clk_50mhz
    B6                   IBUF (Prop_ibuf_I_O)         0.456     0.456 r  clk_50mhz_IBUF_inst/O
                         net (fo=1, routed)           0.871     1.327    clk_50mhz_IBUF
    BUFGCTRL_X0Y16       BUFG (Prop_bufg_I_O)         0.029     1.356 r  clk_50mhz_IBUF_BUFG_inst/O
                         net (fo=93, routed)          0.951     2.307    clk_50mhz_IBUF_BUFG
    SLICE_X84Y161        FDCE                                         r  wait_count_reg[30]/C

Slack:                    inf
  Source:                 rst_p
                            (input port)
  Destination:            wait_count_reg[3]/CLR
                            (removal check against rising-edge clock clk_50mhz  {rise@0.000ns fall@10.000ns period=20.000ns})
  Path Group:             (none)
  Path Type:              Removal (Min at Fast Process Corner)
  Data Path Delay:        0.968ns  (logic 0.236ns (24.424%)  route 0.731ns (75.576%))
  Logic Levels:           1  (IBUF=1)
  Clock Path Skew:        2.307ns (DCD - SCD - CPR)
    Destination Clock Delay (DCD):    2.307ns
    Source Clock Delay      (SCD):    0.000ns
    Clock Pessimism Removal (CPR):    -0.000ns
  Timing Exception:       False Path

    Location             Delay type                Incr(ns)  Path(ns)    Netlist Resource(s)
  -------------------------------------------------------------------    -------------------
    K4                                                0.000     0.000 f  rst_p
                         net (fo=0)                   0.000     0.000    rst_p
    K4                   IBUF (Prop_ibuf_I_O)         0.236     0.236 f  rst_p_IBUF_inst/O
                         net (fo=93, routed)          0.731     0.968    rst_p_IBUF
    SLICE_X84Y161        FDCE                                         f  wait_count_reg[3]/CLR
  -------------------------------------------------------------------    -------------------

                         (clock clk_50mhz rise edge)
                                                      0.000     0.000 r  <hidden>
    B6                                                0.000     0.000 r  clk_50mhz
                         net (fo=0)                   0.000     0.000    clk_50mhz
    B6                   IBUF (Prop_ibuf_I_O)         0.456     0.456 r  clk_50mhz_IBUF_inst/O
                         net (fo=1, routed)           0.871     1.327    clk_50mhz_IBUF
    BUFGCTRL_X0Y16       BUFG (Prop_bufg_I_O)         0.029     1.356 r  clk_50mhz_IBUF_BUFG_inst/O
                         net (fo=93, routed)          0.951     2.307    clk_50mhz_IBUF_BUFG
    SLICE_X84Y161        FDCE                                         r  wait_count_reg[3]/C

Slack:                    inf
  Source:                 rst_p
                            (input port)
  Destination:            wait_count_reg[8]/CLR
                            (removal check against rising-edge clock clk_50mhz  {rise@0.000ns fall@10.000ns period=20.000ns})
  Path Group:             (none)
  Path Type:              Removal (Min at Fast Process Corner)
  Data Path Delay:        0.968ns  (logic 0.236ns (24.424%)  route 0.731ns (75.576%))
  Logic Levels:           1  (IBUF=1)
  Clock Path Skew:        2.307ns (DCD - SCD - CPR)
    Destination Clock Delay (DCD):    2.307ns
    Source Clock Delay      (SCD):    0.000ns
    Clock Pessimism Removal (CPR):    -0.000ns
  Timing Exception:       False Path

    Location             Delay type                Incr(ns)  Path(ns)    Netlist Resource(s)
  -------------------------------------------------------------------    -------------------
    K4                                                0.000     0.000 f  rst_p
                         net (fo=0)                   0.000     0.000    rst_p
    K4                   IBUF (Prop_ibuf_I_O)         0.236     0.236 f  rst_p_IBUF_inst/O
                         net (fo=93, routed)          0.731     0.968    rst_p_IBUF
    SLICE_X84Y161        FDCE                                         f  wait_count_reg[8]/CLR
  -------------------------------------------------------------------    -------------------

                         (clock clk_50mhz rise edge)
                                                      0.000     0.000 r  <hidden>
    B6                                                0.000     0.000 r  clk_50mhz
                         net (fo=0)                   0.000     0.000    clk_50mhz
    B6                   IBUF (Prop_ibuf_I_O)         0.456     0.456 r  clk_50mhz_IBUF_inst/O
                         net (fo=1, routed)           0.871     1.327    clk_50mhz_IBUF
    BUFGCTRL_X0Y16       BUFG (Prop_bufg_I_O)         0.029     1.356 r  clk_50mhz_IBUF_BUFG_inst/O
                         net (fo=93, routed)          0.951     2.307    clk_50mhz_IBUF_BUFG
    SLICE_X84Y161        FDCE                                         r  wait_count_reg[8]/C

Slack:                    inf
  Source:                 rst_p
                            (input port)
  Destination:            wait_count_reg[9]/CLR
                            (removal check against rising-edge clock clk_50mhz  {rise@0.000ns fall@10.000ns period=20.000ns})
  Path Group:             (none)
  Path Type:              Removal (Min at Fast Process Corner)
  Data Path Delay:        0.968ns  (logic 0.236ns (24.424%)  route 0.731ns (75.576%))
  Logic Levels:           1  (IBUF=1)
  Clock Path Skew:        2.307ns (DCD - SCD - CPR)
    Destination Clock Delay (DCD):    2.307ns
    Source Clock Delay      (SCD):    0.000ns
    Clock Pessimism Removal (CPR):    -0.000ns
  Timing Exception:       False Path

    Location             Delay type                Incr(ns)  Path(ns)    Netlist Resource(s)
  -------------------------------------------------------------------    -------------------
    K4                                                0.000     0.000 f  rst_p
                         net (fo=0)                   0.000     0.000    rst_p
    K4                   IBUF (Prop_ibuf_I_O)         0.236     0.236 f  rst_p_IBUF_inst/O
                         net (fo=93, routed)          0.731     0.968    rst_p_IBUF
    SLICE_X84Y161        FDCE                                         f  wait_count_reg[9]/CLR
  -------------------------------------------------------------------    -------------------

                         (clock clk_50mhz rise edge)
                                                      0.000     0.000 r  <hidden>
    B6                                                0.000     0.000 r  clk_50mhz
                         net (fo=0)                   0.000     0.000    clk_50mhz
    B6                   IBUF (Prop_ibuf_I_O)         0.456     0.456 r  clk_50mhz_IBUF_inst/O
                         net (fo=1, routed)           0.871     1.327    clk_50mhz_IBUF
    BUFGCTRL_X0Y16       BUFG (Prop_bufg_I_O)         0.029     1.356 r  clk_50mhz_IBUF_BUFG_inst/O
                         net (fo=93, routed)          0.951     2.307    clk_50mhz_IBUF_BUFG
    SLICE_X84Y161        FDCE                                         r  wait_count_reg[9]/C

Slack:                    inf
  Source:                 rst_p
                            (input port)
  Destination:            wait_count_reg[0]/CLR
                            (removal check against rising-edge clock clk_50mhz  {rise@0.000ns fall@10.000ns period=20.000ns})
  Path Group:             (none)
  Path Type:              Removal (Min at Fast Process Corner)
  Data Path Delay:        1.014ns  (logic 0.236ns (23.309%)  route 0.778ns (76.691%))
  Logic Levels:           1  (IBUF=1)
  Clock Path Skew:        2.307ns (DCD - SCD - CPR)
    Destination Clock Delay (DCD):    2.307ns
    Source Clock Delay      (SCD):    0.000ns
    Clock Pessimism Removal (CPR):    -0.000ns
  Timing Exception:       False Path

    Location             Delay type                Incr(ns)  Path(ns)    Netlist Resource(s)
  -------------------------------------------------------------------    -------------------
    K4                                                0.000     0.000 f  rst_p
                         net (fo=0)                   0.000     0.000    rst_p
    K4                   IBUF (Prop_ibuf_I_O)         0.236     0.236 f  rst_p_IBUF_inst/O
                         net (fo=93, routed)          0.778     1.014    rst_p_IBUF
    SLICE_X83Y160        FDCE                                         f  wait_count_reg[0]/CLR
  -------------------------------------------------------------------    -------------------

                         (clock clk_50mhz rise edge)
                                                      0.000     0.000 r  <hidden>
    B6                                                0.000     0.000 r  clk_50mhz
                         net (fo=0)                   0.000     0.000    clk_50mhz
    B6                   IBUF (Prop_ibuf_I_O)         0.456     0.456 r  clk_50mhz_IBUF_inst/O
                         net (fo=1, routed)           0.871     1.327    clk_50mhz_IBUF
    BUFGCTRL_X0Y16       BUFG (Prop_bufg_I_O)         0.029     1.356 r  clk_50mhz_IBUF_BUFG_inst/O
                         net (fo=93, routed)          0.951     2.307    clk_50mhz_IBUF_BUFG
    SLICE_X83Y160        FDCE                                         r  wait_count_reg[0]/C

Slack:                    inf
  Source:                 rst_p
                            (input port)
  Destination:            wait_count_reg[1]/CLR
                            (removal check against rising-edge clock clk_50mhz  {rise@0.000ns fall@10.000ns period=20.000ns})
  Path Group:             (none)
  Path Type:              Removal (Min at Fast Process Corner)
  Data Path Delay:        1.014ns  (logic 0.236ns (23.309%)  route 0.778ns (76.691%))
  Logic Levels:           1  (IBUF=1)
  Clock Path Skew:        2.307ns (DCD - SCD - CPR)
    Destination Clock Delay (DCD):    2.307ns
    Source Clock Delay      (SCD):    0.000ns
    Clock Pessimism Removal (CPR):    -0.000ns
  Timing Exception:       False Path

    Location             Delay type                Incr(ns)  Path(ns)    Netlist Resource(s)
  -------------------------------------------------------------------    -------------------
    K4                                                0.000     0.000 f  rst_p
                         net (fo=0)                   0.000     0.000    rst_p
    K4                   IBUF (Prop_ibuf_I_O)         0.236     0.236 f  rst_p_IBUF_inst/O
                         net (fo=93, routed)          0.778     1.014    rst_p_IBUF
    SLICE_X83Y160        FDCE                                         f  wait_count_reg[1]/CLR
  -------------------------------------------------------------------    -------------------

                         (clock clk_50mhz rise edge)
                                                      0.000     0.000 r  <hidden>
    B6                                                0.000     0.000 r  clk_50mhz
                         net (fo=0)                   0.000     0.000    clk_50mhz
    B6                   IBUF (Prop_ibuf_I_O)         0.456     0.456 r  clk_50mhz_IBUF_inst/O
                         net (fo=1, routed)           0.871     1.327    clk_50mhz_IBUF
    BUFGCTRL_X0Y16       BUFG (Prop_bufg_I_O)         0.029     1.356 r  clk_50mhz_IBUF_BUFG_inst/O
                         net (fo=93, routed)          0.951     2.307    clk_50mhz_IBUF_BUFG
    SLICE_X83Y160        FDCE                                         r  wait_count_reg[1]/C

Slack:                    inf
  Source:                 rst_p
                            (input port)
  Destination:            wait_count_reg[4]/CLR
                            (removal check against rising-edge clock clk_50mhz  {rise@0.000ns fall@10.000ns period=20.000ns})
  Path Group:             (none)
  Path Type:              Removal (Min at Fast Process Corner)
  Data Path Delay:        1.014ns  (logic 0.236ns (23.309%)  route 0.778ns (76.691%))
  Logic Levels:           1  (IBUF=1)
  Clock Path Skew:        2.307ns (DCD - SCD - CPR)
    Destination Clock Delay (DCD):    2.307ns
    Source Clock Delay      (SCD):    0.000ns
    Clock Pessimism Removal (CPR):    -0.000ns
  Timing Exception:       False Path

    Location             Delay type                Incr(ns)  Path(ns)    Netlist Resource(s)
  -------------------------------------------------------------------    -------------------
    K4                                                0.000     0.000 f  rst_p
                         net (fo=0)                   0.000     0.000    rst_p
    K4                   IBUF (Prop_ibuf_I_O)         0.236     0.236 f  rst_p_IBUF_inst/O
                         net (fo=93, routed)          0.778     1.014    rst_p_IBUF
    SLICE_X83Y160        FDCE                                         f  wait_count_reg[4]/CLR
  -------------------------------------------------------------------    -------------------

                         (clock clk_50mhz rise edge)
                                                      0.000     0.000 r  <hidden>
    B6                                                0.000     0.000 r  clk_50mhz
                         net (fo=0)                   0.000     0.000    clk_50mhz
    B6                   IBUF (Prop_ibuf_I_O)         0.456     0.456 r  clk_50mhz_IBUF_inst/O
                         net (fo=1, routed)           0.871     1.327    clk_50mhz_IBUF
    BUFGCTRL_X0Y16       BUFG (Prop_bufg_I_O)         0.029     1.356 r  clk_50mhz_IBUF_BUFG_inst/O
                         net (fo=93, routed)          0.951     2.307    clk_50mhz_IBUF_BUFG
    SLICE_X83Y160        FDCE                                         r  wait_count_reg[4]/C

Slack:                    inf
  Source:                 rst_p
                            (input port)
  Destination:            wait_count_reg[5]/CLR
                            (removal check against rising-edge clock clk_50mhz  {rise@0.000ns fall@10.000ns period=20.000ns})
  Path Group:             (none)
  Path Type:              Removal (Min at Fast Process Corner)
  Data Path Delay:        1.014ns  (logic 0.236ns (23.309%)  route 0.778ns (76.691%))
  Logic Levels:           1  (IBUF=1)
  Clock Path Skew:        2.307ns (DCD - SCD - CPR)
    Destination Clock Delay (DCD):    2.307ns
    Source Clock Delay      (SCD):    0.000ns
    Clock Pessimism Removal (CPR):    -0.000ns
  Timing Exception:       False Path

    Location             Delay type                Incr(ns)  Path(ns)    Netlist Resource(s)
  -------------------------------------------------------------------    -------------------
    K4                                                0.000     0.000 f  rst_p
                         net (fo=0)                   0.000     0.000    rst_p
    K4                   IBUF (Prop_ibuf_I_O)         0.236     0.236 f  rst_p_IBUF_inst/O
                         net (fo=93, routed)          0.778     1.014    rst_p_IBUF
    SLICE_X83Y160        FDCE                                         f  wait_count_reg[5]/CLR
  -------------------------------------------------------------------    -------------------

                         (clock clk_50mhz rise edge)
                                                      0.000     0.000 r  <hidden>
    B6                                                0.000     0.000 r  clk_50mhz
                         net (fo=0)                   0.000     0.000    clk_50mhz
    B6                   IBUF (Prop_ibuf_I_O)         0.456     0.456 r  clk_50mhz_IBUF_inst/O
                         net (fo=1, routed)           0.871     1.327    clk_50mhz_IBUF
    BUFGCTRL_X0Y16       BUFG (Prop_bufg_I_O)         0.029     1.356 r  clk_50mhz_IBUF_BUFG_inst/O
                         net (fo=93, routed)          0.951     2.307    clk_50mhz_IBUF_BUFG
    SLICE_X83Y160        FDCE                                         r  wait_count_reg[5]/C





--------------------------------------------------------------------------------------
Path Group:  (none)
From Clock:  clk_50mhz
  To Clock:  

Max Delay            10 Endpoints
Min Delay            10 Endpoints
--------------------------------------------------------------------------------------


Max Delay Paths
--------------------------------------------------------------------------------------
Slack:                    inf
  Source:                 lcd_e_reg/C
                            (rising edge-triggered cell FDCE clocked by clk_50mhz  {rise@0.000ns fall@10.000ns period=20.000ns})
  Destination:            lcd_e
                            (output port)
  Path Group:             (none)
  Path Type:              Max at Slow Process Corner
  Data Path Delay:        6.557ns  (logic 4.058ns (61.886%)  route 2.499ns (38.114%))
  Logic Levels:           1  (OBUF=1)
  Clock Uncertainty:      0.025ns  ((TSJ^2 + TIJ^2)^1/2 + DJ) / 2 + PE
    Total System Jitter     (TSJ):    0.050ns
    Total Input Jitter      (TIJ):    0.000ns
    Discrete Jitter          (DJ):    0.000ns
    Phase Error              (PE):    0.000ns

    Location             Delay type                Incr(ns)  Path(ns)    Netlist Resource(s)
  -------------------------------------------------------------------    -------------------
                         (clock clk_50mhz rise edge)
                                                      0.000     0.000 r  <hidden>
    B6                                                0.000     0.000 r  clk_50mhz
                         net (fo=0)                   0.000     0.000    clk_50mhz
    B6                   IBUF (Prop_ibuf_I_O)         1.500     1.500 r  clk_50mhz_IBUF_inst/O
                         net (fo=1, routed)           2.315     3.815    clk_50mhz_IBUF
    BUFGCTRL_X0Y16       BUFG (Prop_bufg_I_O)         0.096     3.911 r  clk_50mhz_IBUF_BUFG_inst/O
                         net (fo=93, routed)          1.875     5.787    clk_50mhz_IBUF_BUFG
    SLICE_X84Y166        FDCE                                         r  lcd_e_reg/C
  -------------------------------------------------------------------    -------------------
    SLICE_X84Y166        FDCE (Prop_fdce_C_Q)         0.518     6.305 r  lcd_e_reg/Q
                         net (fo=1, routed)           2.499     8.804    lcd_e_OBUF
    A6                   OBUF (Prop_obuf_I_O)         3.540    12.343 r  lcd_e_OBUF_inst/O
                         net (fo=0)                   0.000    12.343    lcd_e
    A6                                                                r  lcd_e
  -------------------------------------------------------------------    -------------------

Slack:                    inf
  Source:                 lcd_data_reg[5]/C
                            (rising edge-triggered cell FDCE clocked by clk_50mhz  {rise@0.000ns fall@10.000ns period=20.000ns})
  Destination:            lcd_data[5]
                            (output port)
  Path Group:             (none)
  Path Type:              Max at Slow Process Corner
  Data Path Delay:        6.120ns  (logic 3.985ns (65.114%)  route 2.135ns (34.886%))
  Logic Levels:           1  (OBUF=1)
  Clock Uncertainty:      0.025ns  ((TSJ^2 + TIJ^2)^1/2 + DJ) / 2 + PE
    Total System Jitter     (TSJ):    0.050ns
    Total Input Jitter      (TIJ):    0.000ns
    Discrete Jitter          (DJ):    0.000ns
    Phase Error              (PE):    0.000ns

    Location             Delay type                Incr(ns)  Path(ns)    Netlist Resource(s)
  -------------------------------------------------------------------    -------------------
                         (clock clk_50mhz rise edge)
                                                      0.000     0.000 r  <hidden>
    B6                                                0.000     0.000 r  clk_50mhz
                         net (fo=0)                   0.000     0.000    clk_50mhz
    B6                   IBUF (Prop_ibuf_I_O)         1.500     1.500 r  clk_50mhz_IBUF_inst/O
                         net (fo=1, routed)           2.315     3.815    clk_50mhz_IBUF
    BUFGCTRL_X0Y16       BUFG (Prop_bufg_I_O)         0.096     3.911 r  clk_50mhz_IBUF_BUFG_inst/O
                         net (fo=93, routed)          1.872     5.784    clk_50mhz_IBUF_BUFG
    SLICE_X85Y168        FDCE                                         r  lcd_data_reg[5]/C
  -------------------------------------------------------------------    -------------------
    SLICE_X85Y168        FDCE (Prop_fdce_C_Q)         0.456     6.240 r  lcd_data_reg[5]/Q
                         net (fo=1, routed)           2.135     8.375    lcd_data_OBUF[5]
    C5                   OBUF (Prop_obuf_I_O)         3.529    11.904 r  lcd_data_OBUF[5]_inst/O
                         net (fo=0)                   0.000    11.904    lcd_data[5]
    C5                                                                r  lcd_data[5]
  -------------------------------------------------------------------    -------------------

Slack:                    inf
  Source:                 lcd_data_reg[7]/C
                            (rising edge-triggered cell FDCE clocked by clk_50mhz  {rise@0.000ns fall@10.000ns period=20.000ns})
  Destination:            lcd_data[7]
                            (output port)
  Path Group:             (none)
  Path Type:              Max at Slow Process Corner
  Data Path Delay:        6.094ns  (logic 4.016ns (65.894%)  route 2.078ns (34.106%))
  Logic Levels:           1  (OBUF=1)
  Clock Uncertainty:      0.025ns  ((TSJ^2 + TIJ^2)^1/2 + DJ) / 2 + PE
    Total System Jitter     (TSJ):    0.050ns
    Total Input Jitter      (TIJ):    0.000ns
    Discrete Jitter          (DJ):    0.000ns
    Phase Error              (PE):    0.000ns

    Location             Delay type                Incr(ns)  Path(ns)    Netlist Resource(s)
  -------------------------------------------------------------------    -------------------
                         (clock clk_50mhz rise edge)
                                                      0.000     0.000 r  <hidden>
    B6                                                0.000     0.000 r  clk_50mhz
                         net (fo=0)                   0.000     0.000    clk_50mhz
    B6                   IBUF (Prop_ibuf_I_O)         1.500     1.500 r  clk_50mhz_IBUF_inst/O
                         net (fo=1, routed)           2.315     3.815    clk_50mhz_IBUF
    BUFGCTRL_X0Y16       BUFG (Prop_bufg_I_O)         0.096     3.911 r  clk_50mhz_IBUF_BUFG_inst/O
                         net (fo=93, routed)          1.878     5.790    clk_50mhz_IBUF_BUFG
    SLICE_X85Y164        FDCE                                         r  lcd_data_reg[7]/C
  -------------------------------------------------------------------    -------------------
    SLICE_X85Y164        FDCE (Prop_fdce_C_Q)         0.456     6.246 r  lcd_data_reg[7]/Q
                         net (fo=1, routed)           2.078     8.324    lcd_data_OBUF[7]
    D1                   OBUF (Prop_obuf_I_O)         3.560    11.884 r  lcd_data_OBUF[7]_inst/O
                         net (fo=0)                   0.000    11.884    lcd_data[7]
    D1                                                                r  lcd_data[7]
  -------------------------------------------------------------------    -------------------

Slack:                    inf
  Source:                 lcd_rs_reg/C
                            (rising edge-triggered cell FDCE clocked by clk_50mhz  {rise@0.000ns fall@10.000ns period=20.000ns})
  Destination:            lcd_rs
                            (output port)
  Path Group:             (none)
  Path Type:              Max at Slow Process Corner
  Data Path Delay:        6.067ns  (logic 3.972ns (65.474%)  route 2.095ns (34.526%))
  Logic Levels:           1  (OBUF=1)
  Clock Uncertainty:      0.025ns  ((TSJ^2 + TIJ^2)^1/2 + DJ) / 2 + PE
    Total System Jitter     (TSJ):    0.050ns
    Total Input Jitter      (TIJ):    0.000ns
    Discrete Jitter          (DJ):    0.000ns
    Phase Error              (PE):    0.000ns

    Location             Delay type                Incr(ns)  Path(ns)    Netlist Resource(s)
  -------------------------------------------------------------------    -------------------
                         (clock clk_50mhz rise edge)
                                                      0.000     0.000 r  <hidden>
    B6                                                0.000     0.000 r  clk_50mhz
                         net (fo=0)                   0.000     0.000    clk_50mhz
    B6                   IBUF (Prop_ibuf_I_O)         1.500     1.500 r  clk_50mhz_IBUF_inst/O
                         net (fo=1, routed)           2.315     3.815    clk_50mhz_IBUF
    BUFGCTRL_X0Y16       BUFG (Prop_bufg_I_O)         0.096     3.911 r  clk_50mhz_IBUF_BUFG_inst/O
                         net (fo=93, routed)          1.872     5.784    clk_50mhz_IBUF_BUFG
    SLICE_X85Y168        FDCE                                         r  lcd_rs_reg/C
  -------------------------------------------------------------------    -------------------
    SLICE_X85Y168        FDCE (Prop_fdce_C_Q)         0.456     6.240 r  lcd_rs_reg/Q
                         net (fo=1, routed)           2.095     8.334    lcd_rs_OBUF
    G6                   OBUF (Prop_obuf_I_O)         3.516    11.851 r  lcd_rs_OBUF_inst/O
                         net (fo=0)                   0.000    11.851    lcd_rs
    G6                                                                r  lcd_rs
  -------------------------------------------------------------------    -------------------

Slack:                    inf
  Source:                 lcd_data_reg[3]/C
                            (rising edge-triggered cell FDCE clocked by clk_50mhz  {rise@0.000ns fall@10.000ns period=20.000ns})
  Destination:            lcd_data[3]
                            (output port)
  Path Group:             (none)
  Path Type:              Max at Slow Process Corner
  Data Path Delay:        5.857ns  (logic 4.004ns (68.363%)  route 1.853ns (31.637%))
  Logic Levels:           1  (OBUF=1)
  Clock Uncertainty:      0.025ns  ((TSJ^2 + TIJ^2)^1/2 + DJ) / 2 + PE
    Total System Jitter     (TSJ):    0.050ns
    Total Input Jitter      (TIJ):    0.000ns
    Discrete Jitter          (DJ):    0.000ns
    Phase Error              (PE):    0.000ns

    Location             Delay type                Incr(ns)  Path(ns)    Netlist Resource(s)
  -------------------------------------------------------------------    -------------------
                         (clock clk_50mhz rise edge)
                                                      0.000     0.000 r  <hidden>
    B6                                                0.000     0.000 r  clk_50mhz
                         net (fo=0)                   0.000     0.000    clk_50mhz
    B6                   IBUF (Prop_ibuf_I_O)         1.500     1.500 r  clk_50mhz_IBUF_inst/O
                         net (fo=1, routed)           2.315     3.815    clk_50mhz_IBUF
    BUFGCTRL_X0Y16       BUFG (Prop_bufg_I_O)         0.096     3.911 r  clk_50mhz_IBUF_BUFG_inst/O
                         net (fo=93, routed)          1.878     5.790    clk_50mhz_IBUF_BUFG
    SLICE_X85Y164        FDCE                                         r  lcd_data_reg[3]/C
  -------------------------------------------------------------------    -------------------
    SLICE_X85Y164        FDCE (Prop_fdce_C_Q)         0.456     6.246 r  lcd_data_reg[3]/Q
                         net (fo=1, routed)           1.853     8.099    lcd_data_OBUF[3]
    D4                   OBUF (Prop_obuf_I_O)         3.548    11.647 r  lcd_data_OBUF[3]_inst/O
                         net (fo=0)                   0.000    11.647    lcd_data[3]
    D4                                                                r  lcd_data[3]
  -------------------------------------------------------------------    -------------------

Slack:                    inf
  Source:                 lcd_data_reg[0]/C
                            (rising edge-triggered cell FDCE clocked by clk_50mhz  {rise@0.000ns fall@10.000ns period=20.000ns})
  Destination:            lcd_data[0]
                            (output port)
  Path Group:             (none)
  Path Type:              Max at Slow Process Corner
  Data Path Delay:        5.729ns  (logic 4.017ns (70.113%)  route 1.712ns (29.887%))
  Logic Levels:           1  (OBUF=1)
  Clock Uncertainty:      0.025ns  ((TSJ^2 + TIJ^2)^1/2 + DJ) / 2 + PE
    Total System Jitter     (TSJ):    0.050ns
    Total Input Jitter      (TIJ):    0.000ns
    Discrete Jitter          (DJ):    0.000ns
    Phase Error              (PE):    0.000ns

    Location             Delay type                Incr(ns)  Path(ns)    Netlist Resource(s)
  -------------------------------------------------------------------    -------------------
                         (clock clk_50mhz rise edge)
                                                      0.000     0.000 r  <hidden>
    B6                                                0.000     0.000 r  clk_50mhz
                         net (fo=0)                   0.000     0.000    clk_50mhz
    B6                   IBUF (Prop_ibuf_I_O)         1.500     1.500 r  clk_50mhz_IBUF_inst/O
                         net (fo=1, routed)           2.315     3.815    clk_50mhz_IBUF
    BUFGCTRL_X0Y16       BUFG (Prop_bufg_I_O)         0.096     3.911 r  clk_50mhz_IBUF_BUFG_inst/O
                         net (fo=93, routed)          1.872     5.784    clk_50mhz_IBUF_BUFG
    SLICE_X85Y168        FDCE                                         r  lcd_data_reg[0]/C
  -------------------------------------------------------------------    -------------------
    SLICE_X85Y168        FDCE (Prop_fdce_C_Q)         0.456     6.240 r  lcd_data_reg[0]/Q
                         net (fo=1, routed)           1.712     7.952    lcd_data_OBUF[0]
    A4                   OBUF (Prop_obuf_I_O)         3.561    11.513 r  lcd_data_OBUF[0]_inst/O
                         net (fo=0)                   0.000    11.513    lcd_data[0]
    A4                                                                r  lcd_data[0]
  -------------------------------------------------------------------    -------------------

Slack:                    inf
  Source:                 lcd_data_reg[4]/C
                            (rising edge-triggered cell FDCE clocked by clk_50mhz  {rise@0.000ns fall@10.000ns period=20.000ns})
  Destination:            lcd_data[4]
                            (output port)
  Path Group:             (none)
  Path Type:              Max at Slow Process Corner
  Data Path Delay:        5.694ns  (logic 4.021ns (70.616%)  route 1.673ns (29.384%))
  Logic Levels:           1  (OBUF=1)
  Clock Uncertainty:      0.025ns  ((TSJ^2 + TIJ^2)^1/2 + DJ) / 2 + PE
    Total System Jitter     (TSJ):    0.050ns
    Total Input Jitter      (TIJ):    0.000ns
    Discrete Jitter          (DJ):    0.000ns
    Phase Error              (PE):    0.000ns

    Location             Delay type                Incr(ns)  Path(ns)    Netlist Resource(s)
  -------------------------------------------------------------------    -------------------
                         (clock clk_50mhz rise edge)
                                                      0.000     0.000 r  <hidden>
    B6                                                0.000     0.000 r  clk_50mhz
                         net (fo=0)                   0.000     0.000    clk_50mhz
    B6                   IBUF (Prop_ibuf_I_O)         1.500     1.500 r  clk_50mhz_IBUF_inst/O
                         net (fo=1, routed)           2.315     3.815    clk_50mhz_IBUF
    BUFGCTRL_X0Y16       BUFG (Prop_bufg_I_O)         0.096     3.911 r  clk_50mhz_IBUF_BUFG_inst/O
                         net (fo=93, routed)          1.872     5.784    clk_50mhz_IBUF_BUFG
    SLICE_X85Y168        FDCE                                         r  lcd_data_reg[4]/C
  -------------------------------------------------------------------    -------------------
    SLICE_X85Y168        FDCE (Prop_fdce_C_Q)         0.456     6.240 r  lcd_data_reg[4]/Q
                         net (fo=1, routed)           1.673     7.913    lcd_data_OBUF[4]
    A2                   OBUF (Prop_obuf_I_O)         3.565    11.478 r  lcd_data_OBUF[4]_inst/O
                         net (fo=0)                   0.000    11.478    lcd_data[4]
    A2                                                                r  lcd_data[4]
  -------------------------------------------------------------------    -------------------

Slack:                    inf
  Source:                 lcd_data_reg[1]/C
                            (rising edge-triggered cell FDCE clocked by clk_50mhz  {rise@0.000ns fall@10.000ns period=20.000ns})
  Destination:            lcd_data[1]
                            (output port)
  Path Group:             (none)
  Path Type:              Max at Slow Process Corner
  Data Path Delay:        5.689ns  (logic 4.024ns (70.727%)  route 1.665ns (29.273%))
  Logic Levels:           1  (OBUF=1)
  Clock Uncertainty:      0.025ns  ((TSJ^2 + TIJ^2)^1/2 + DJ) / 2 + PE
    Total System Jitter     (TSJ):    0.050ns
    Total Input Jitter      (TIJ):    0.000ns
    Discrete Jitter          (DJ):    0.000ns
    Phase Error              (PE):    0.000ns

    Location             Delay type                Incr(ns)  Path(ns)    Netlist Resource(s)
  -------------------------------------------------------------------    -------------------
                         (clock clk_50mhz rise edge)
                                                      0.000     0.000 r  <hidden>
    B6                                                0.000     0.000 r  clk_50mhz
                         net (fo=0)                   0.000     0.000    clk_50mhz
    B6                   IBUF (Prop_ibuf_I_O)         1.500     1.500 r  clk_50mhz_IBUF_inst/O
                         net (fo=1, routed)           2.315     3.815    clk_50mhz_IBUF
    BUFGCTRL_X0Y16       BUFG (Prop_bufg_I_O)         0.096     3.911 r  clk_50mhz_IBUF_BUFG_inst/O
                         net (fo=93, routed)          1.875     5.787    clk_50mhz_IBUF_BUFG
    SLICE_X85Y166        FDCE                                         r  lcd_data_reg[1]/C
  -------------------------------------------------------------------    -------------------
    SLICE_X85Y166        FDCE (Prop_fdce_C_Q)         0.456     6.243 r  lcd_data_reg[1]/Q
                         net (fo=1, routed)           1.665     7.908    lcd_data_OBUF[1]
    B2                   OBUF (Prop_obuf_I_O)         3.568    11.476 r  lcd_data_OBUF[1]_inst/O
                         net (fo=0)                   0.000    11.476    lcd_data[1]
    B2                                                                r  lcd_data[1]
  -------------------------------------------------------------------    -------------------

Slack:                    inf
  Source:                 lcd_data_reg[6]/C
                            (rising edge-triggered cell FDCE clocked by clk_50mhz  {rise@0.000ns fall@10.000ns period=20.000ns})
  Destination:            lcd_data[6]
                            (output port)
  Path Group:             (none)
  Path Type:              Max at Slow Process Corner
  Data Path Delay:        5.686ns  (logic 4.019ns (70.685%)  route 1.667ns (29.315%))
  Logic Levels:           1  (OBUF=1)
  Clock Uncertainty:      0.025ns  ((TSJ^2 + TIJ^2)^1/2 + DJ) / 2 + PE
    Total System Jitter     (TSJ):    0.050ns
    Total Input Jitter      (TIJ):    0.000ns
    Discrete Jitter          (DJ):    0.000ns
    Phase Error              (PE):    0.000ns

    Location             Delay type                Incr(ns)  Path(ns)    Netlist Resource(s)
  -------------------------------------------------------------------    -------------------
                         (clock clk_50mhz rise edge)
                                                      0.000     0.000 r  <hidden>
    B6                                                0.000     0.000 r  clk_50mhz
                         net (fo=0)                   0.000     0.000    clk_50mhz
    B6                   IBUF (Prop_ibuf_I_O)         1.500     1.500 r  clk_50mhz_IBUF_inst/O
                         net (fo=1, routed)           2.315     3.815    clk_50mhz_IBUF
    BUFGCTRL_X0Y16       BUFG (Prop_bufg_I_O)         0.096     3.911 r  clk_50mhz_IBUF_BUFG_inst/O
                         net (fo=93, routed)          1.878     5.790    clk_50mhz_IBUF_BUFG
    SLICE_X85Y164        FDCE                                         r  lcd_data_reg[6]/C
  -------------------------------------------------------------------    -------------------
    SLICE_X85Y164        FDCE (Prop_fdce_C_Q)         0.456     6.246 r  lcd_data_reg[6]/Q
                         net (fo=1, routed)           1.667     7.912    lcd_data_OBUF[6]
    C1                   OBUF (Prop_obuf_I_O)         3.563    11.475 r  lcd_data_OBUF[6]_inst/O
                         net (fo=0)                   0.000    11.475    lcd_data[6]
    C1                                                                r  lcd_data[6]
  -------------------------------------------------------------------    -------------------

Slack:                    inf
  Source:                 lcd_data_reg[2]/C
                            (rising edge-triggered cell FDCE clocked by clk_50mhz  {rise@0.000ns fall@10.000ns period=20.000ns})
  Destination:            lcd_data[2]
                            (output port)
  Path Group:             (none)
  Path Type:              Max at Slow Process Corner
  Data Path Delay:        5.668ns  (logic 4.003ns (70.619%)  route 1.665ns (29.381%))
  Logic Levels:           1  (OBUF=1)
  Clock Uncertainty:      0.025ns  ((TSJ^2 + TIJ^2)^1/2 + DJ) / 2 + PE
    Total System Jitter     (TSJ):    0.050ns
    Total Input Jitter      (TIJ):    0.000ns
    Discrete Jitter          (DJ):    0.000ns
    Phase Error              (PE):    0.000ns

    Location             Delay type                Incr(ns)  Path(ns)    Netlist Resource(s)
  -------------------------------------------------------------------    -------------------
                         (clock clk_50mhz rise edge)
                                                      0.000     0.000 r  <hidden>
    B6                                                0.000     0.000 r  clk_50mhz
                         net (fo=0)                   0.000     0.000    clk_50mhz
    B6                   IBUF (Prop_ibuf_I_O)         1.500     1.500 r  clk_50mhz_IBUF_inst/O
                         net (fo=1, routed)           2.315     3.815    clk_50mhz_IBUF
    BUFGCTRL_X0Y16       BUFG (Prop_bufg_I_O)         0.096     3.911 r  clk_50mhz_IBUF_BUFG_inst/O
                         net (fo=93, routed)          1.874     5.786    clk_50mhz_IBUF_BUFG
    SLICE_X85Y167        FDCE                                         r  lcd_data_reg[2]/C
  -------------------------------------------------------------------    -------------------
    SLICE_X85Y167        FDCE (Prop_fdce_C_Q)         0.456     6.242 r  lcd_data_reg[2]/Q
                         net (fo=1, routed)           1.665     7.907    lcd_data_OBUF[2]
    C3                   OBUF (Prop_obuf_I_O)         3.547    11.454 r  lcd_data_OBUF[2]_inst/O
                         net (fo=0)                   0.000    11.454    lcd_data[2]
    C3                                                                r  lcd_data[2]
  -------------------------------------------------------------------    -------------------





Min Delay Paths
--------------------------------------------------------------------------------------
Slack:                    inf
  Source:                 lcd_data_reg[2]/C
                            (rising edge-triggered cell FDCE clocked by clk_50mhz  {rise@0.000ns fall@10.000ns period=20.000ns})
  Destination:            lcd_data[2]
                            (output port)
  Path Group:             (none)
  Path Type:              Min at Fast Process Corner
  Data Path Delay:        1.721ns  (logic 1.388ns (80.687%)  route 0.332ns (19.313%))
  Logic Levels:           1  (OBUF=1)
  Clock Uncertainty:      0.025ns  ((TSJ^2 + TIJ^2)^1/2 + DJ) / 2 + PE
    Total System Jitter     (TSJ):    0.050ns
    Total Input Jitter      (TIJ):    0.000ns
    Discrete Jitter          (DJ):    0.000ns
    Phase Error              (PE):    0.000ns

    Location             Delay type                Incr(ns)  Path(ns)    Netlist Resource(s)
  -------------------------------------------------------------------    -------------------
                         (clock clk_50mhz rise edge)
                                                      0.000     0.000 r  <hidden>
    B6                                                0.000     0.000 r  clk_50mhz
                         net (fo=0)                   0.000     0.000    clk_50mhz
    B6                   IBUF (Prop_ibuf_I_O)         0.268     0.268 r  clk_50mhz_IBUF_inst/O
                         net (fo=1, routed)           0.808     1.075    clk_50mhz_IBUF
    BUFGCTRL_X0Y16       BUFG (Prop_bufg_I_O)         0.026     1.101 r  clk_50mhz_IBUF_BUFG_inst/O
                         net (fo=93, routed)          0.671     1.772    clk_50mhz_IBUF_BUFG
    SLICE_X85Y167        FDCE                                         r  lcd_data_reg[2]/C
  -------------------------------------------------------------------    -------------------
    SLICE_X85Y167        FDCE (Prop_fdce_C_Q)         0.141     1.913 r  lcd_data_reg[2]/Q
                         net (fo=1, routed)           0.332     2.246    lcd_data_OBUF[2]
    C3                   OBUF (Prop_obuf_I_O)         1.247     3.493 r  lcd_data_OBUF[2]_inst/O
                         net (fo=0)                   0.000     3.493    lcd_data[2]
    C3                                                                r  lcd_data[2]
  -------------------------------------------------------------------    -------------------

Slack:                    inf
  Source:                 lcd_data_reg[4]/C
                            (rising edge-triggered cell FDCE clocked by clk_50mhz  {rise@0.000ns fall@10.000ns period=20.000ns})
  Destination:            lcd_data[4]
                            (output port)
  Path Group:             (none)
  Path Type:              Min at Fast Process Corner
  Data Path Delay:        1.734ns  (logic 1.406ns (81.086%)  route 0.328ns (18.914%))
  Logic Levels:           1  (OBUF=1)
  Clock Uncertainty:      0.025ns  ((TSJ^2 + TIJ^2)^1/2 + DJ) / 2 + PE
    Total System Jitter     (TSJ):    0.050ns
    Total Input Jitter      (TIJ):    0.000ns
    Discrete Jitter          (DJ):    0.000ns
    Phase Error              (PE):    0.000ns

    Location             Delay type                Incr(ns)  Path(ns)    Netlist Resource(s)
  -------------------------------------------------------------------    -------------------
                         (clock clk_50mhz rise edge)
                                                      0.000     0.000 r  <hidden>
    B6                                                0.000     0.000 r  clk_50mhz
                         net (fo=0)                   0.000     0.000    clk_50mhz
    B6                   IBUF (Prop_ibuf_I_O)         0.268     0.268 r  clk_50mhz_IBUF_inst/O
                         net (fo=1, routed)           0.808     1.075    clk_50mhz_IBUF
    BUFGCTRL_X0Y16       BUFG (Prop_bufg_I_O)         0.026     1.101 r  clk_50mhz_IBUF_BUFG_inst/O
                         net (fo=93, routed)          0.670     1.771    clk_50mhz_IBUF_BUFG
    SLICE_X85Y168        FDCE                                         r  lcd_data_reg[4]/C
  -------------------------------------------------------------------    -------------------
    SLICE_X85Y168        FDCE (Prop_fdce_C_Q)         0.141     1.912 r  lcd_data_reg[4]/Q
                         net (fo=1, routed)           0.328     2.241    lcd_data_OBUF[4]
    A2                   OBUF (Prop_obuf_I_O)         1.265     3.506 r  lcd_data_OBUF[4]_inst/O
                         net (fo=0)                   0.000     3.506    lcd_data[4]
    A2                                                                r  lcd_data[4]
  -------------------------------------------------------------------    -------------------

Slack:                    inf
  Source:                 lcd_data_reg[6]/C
                            (rising edge-triggered cell FDCE clocked by clk_50mhz  {rise@0.000ns fall@10.000ns period=20.000ns})
  Destination:            lcd_data[6]
                            (output port)
  Path Group:             (none)
  Path Type:              Min at Fast Process Corner
  Data Path Delay:        1.739ns  (logic 1.404ns (80.752%)  route 0.335ns (19.248%))
  Logic Levels:           1  (OBUF=1)
  Clock Uncertainty:      0.025ns  ((TSJ^2 + TIJ^2)^1/2 + DJ) / 2 + PE
    Total System Jitter     (TSJ):    0.050ns
    Total Input Jitter      (TIJ):    0.000ns
    Discrete Jitter          (DJ):    0.000ns
    Phase Error              (PE):    0.000ns

    Location             Delay type                Incr(ns)  Path(ns)    Netlist Resource(s)
  -------------------------------------------------------------------    -------------------
                         (clock clk_50mhz rise edge)
                                                      0.000     0.000 r  <hidden>
    B6                                                0.000     0.000 r  clk_50mhz
                         net (fo=0)                   0.000     0.000    clk_50mhz
    B6                   IBUF (Prop_ibuf_I_O)         0.268     0.268 r  clk_50mhz_IBUF_inst/O
                         net (fo=1, routed)           0.808     1.075    clk_50mhz_IBUF
    BUFGCTRL_X0Y16       BUFG (Prop_bufg_I_O)         0.026     1.101 r  clk_50mhz_IBUF_BUFG_inst/O
                         net (fo=93, routed)          0.673     1.774    clk_50mhz_IBUF_BUFG
    SLICE_X85Y164        FDCE                                         r  lcd_data_reg[6]/C
  -------------------------------------------------------------------    -------------------
    SLICE_X85Y164        FDCE (Prop_fdce_C_Q)         0.141     1.915 r  lcd_data_reg[6]/Q
                         net (fo=1, routed)           0.335     2.250    lcd_data_OBUF[6]
    C1                   OBUF (Prop_obuf_I_O)         1.263     3.514 r  lcd_data_OBUF[6]_inst/O
                         net (fo=0)                   0.000     3.514    lcd_data[6]
    C1                                                                r  lcd_data[6]
  -------------------------------------------------------------------    -------------------

Slack:                    inf
  Source:                 lcd_data_reg[1]/C
                            (rising edge-triggered cell FDCE clocked by clk_50mhz  {rise@0.000ns fall@10.000ns period=20.000ns})
  Destination:            lcd_data[1]
                            (output port)
  Path Group:             (none)
  Path Type:              Min at Fast Process Corner
  Data Path Delay:        1.741ns  (logic 1.409ns (80.917%)  route 0.332ns (19.083%))
  Logic Levels:           1  (OBUF=1)
  Clock Uncertainty:      0.025ns  ((TSJ^2 + TIJ^2)^1/2 + DJ) / 2 + PE
    Total System Jitter     (TSJ):    0.050ns
    Total Input Jitter      (TIJ):    0.000ns
    Discrete Jitter          (DJ):    0.000ns
    Phase Error              (PE):    0.000ns

    Location             Delay type                Incr(ns)  Path(ns)    Netlist Resource(s)
  -------------------------------------------------------------------    -------------------
                         (clock clk_50mhz rise edge)
                                                      0.000     0.000 r  <hidden>
    B6                                                0.000     0.000 r  clk_50mhz
                         net (fo=0)                   0.000     0.000    clk_50mhz
    B6                   IBUF (Prop_ibuf_I_O)         0.268     0.268 r  clk_50mhz_IBUF_inst/O
                         net (fo=1, routed)           0.808     1.075    clk_50mhz_IBUF
    BUFGCTRL_X0Y16       BUFG (Prop_bufg_I_O)         0.026     1.101 r  clk_50mhz_IBUF_BUFG_inst/O
                         net (fo=93, routed)          0.672     1.773    clk_50mhz_IBUF_BUFG
    SLICE_X85Y166        FDCE                                         r  lcd_data_reg[1]/C
  -------------------------------------------------------------------    -------------------
    SLICE_X85Y166        FDCE (Prop_fdce_C_Q)         0.141     1.914 r  lcd_data_reg[1]/Q
                         net (fo=1, routed)           0.332     2.247    lcd_data_OBUF[1]
    B2                   OBUF (Prop_obuf_I_O)         1.268     3.515 r  lcd_data_OBUF[1]_inst/O
                         net (fo=0)                   0.000     3.515    lcd_data[1]
    B2                                                                r  lcd_data[1]
  -------------------------------------------------------------------    -------------------

Slack:                    inf
  Source:                 lcd_data_reg[0]/C
                            (rising edge-triggered cell FDCE clocked by clk_50mhz  {rise@0.000ns fall@10.000ns period=20.000ns})
  Destination:            lcd_data[0]
                            (output port)
  Path Group:             (none)
  Path Type:              Min at Fast Process Corner
  Data Path Delay:        1.756ns  (logic 1.402ns (79.836%)  route 0.354ns (20.164%))
  Logic Levels:           1  (OBUF=1)
  Clock Uncertainty:      0.025ns  ((TSJ^2 + TIJ^2)^1/2 + DJ) / 2 + PE
    Total System Jitter     (TSJ):    0.050ns
    Total Input Jitter      (TIJ):    0.000ns
    Discrete Jitter          (DJ):    0.000ns
    Phase Error              (PE):    0.000ns

    Location             Delay type                Incr(ns)  Path(ns)    Netlist Resource(s)
  -------------------------------------------------------------------    -------------------
                         (clock clk_50mhz rise edge)
                                                      0.000     0.000 r  <hidden>
    B6                                                0.000     0.000 r  clk_50mhz
                         net (fo=0)                   0.000     0.000    clk_50mhz
    B6                   IBUF (Prop_ibuf_I_O)         0.268     0.268 r  clk_50mhz_IBUF_inst/O
                         net (fo=1, routed)           0.808     1.075    clk_50mhz_IBUF
    BUFGCTRL_X0Y16       BUFG (Prop_bufg_I_O)         0.026     1.101 r  clk_50mhz_IBUF_BUFG_inst/O
                         net (fo=93, routed)          0.670     1.771    clk_50mhz_IBUF_BUFG
    SLICE_X85Y168        FDCE                                         r  lcd_data_reg[0]/C
  -------------------------------------------------------------------    -------------------
    SLICE_X85Y168        FDCE (Prop_fdce_C_Q)         0.141     1.912 r  lcd_data_reg[0]/Q
                         net (fo=1, routed)           0.354     2.267    lcd_data_OBUF[0]
    A4                   OBUF (Prop_obuf_I_O)         1.261     3.528 r  lcd_data_OBUF[0]_inst/O
                         net (fo=0)                   0.000     3.528    lcd_data[0]
    A4                                                                r  lcd_data[0]
  -------------------------------------------------------------------    -------------------

Slack:                    inf
  Source:                 lcd_data_reg[3]/C
                            (rising edge-triggered cell FDCE clocked by clk_50mhz  {rise@0.000ns fall@10.000ns period=20.000ns})
  Destination:            lcd_data[3]
                            (output port)
  Path Group:             (none)
  Path Type:              Min at Fast Process Corner
  Data Path Delay:        1.798ns  (logic 1.390ns (77.306%)  route 0.408ns (22.694%))
  Logic Levels:           1  (OBUF=1)
  Clock Uncertainty:      0.025ns  ((TSJ^2 + TIJ^2)^1/2 + DJ) / 2 + PE
    Total System Jitter     (TSJ):    0.050ns
    Total Input Jitter      (TIJ):    0.000ns
    Discrete Jitter          (DJ):    0.000ns
    Phase Error              (PE):    0.000ns

    Location             Delay type                Incr(ns)  Path(ns)    Netlist Resource(s)
  -------------------------------------------------------------------    -------------------
                         (clock clk_50mhz rise edge)
                                                      0.000     0.000 r  <hidden>
    B6                                                0.000     0.000 r  clk_50mhz
                         net (fo=0)                   0.000     0.000    clk_50mhz
    B6                   IBUF (Prop_ibuf_I_O)         0.268     0.268 r  clk_50mhz_IBUF_inst/O
                         net (fo=1, routed)           0.808     1.075    clk_50mhz_IBUF
    BUFGCTRL_X0Y16       BUFG (Prop_bufg_I_O)         0.026     1.101 r  clk_50mhz_IBUF_BUFG_inst/O
                         net (fo=93, routed)          0.673     1.774    clk_50mhz_IBUF_BUFG
    SLICE_X85Y164        FDCE                                         r  lcd_data_reg[3]/C
  -------------------------------------------------------------------    -------------------
    SLICE_X85Y164        FDCE (Prop_fdce_C_Q)         0.141     1.915 r  lcd_data_reg[3]/Q
                         net (fo=1, routed)           0.408     2.324    lcd_data_OBUF[3]
    D4                   OBUF (Prop_obuf_I_O)         1.249     3.572 r  lcd_data_OBUF[3]_inst/O
                         net (fo=0)                   0.000     3.572    lcd_data[3]
    D4                                                                r  lcd_data[3]
  -------------------------------------------------------------------    -------------------

Slack:                    inf
  Source:                 lcd_rs_reg/C
                            (rising edge-triggered cell FDCE clocked by clk_50mhz  {rise@0.000ns fall@10.000ns period=20.000ns})
  Destination:            lcd_rs
                            (output port)
  Path Group:             (none)
  Path Type:              Min at Fast Process Corner
  Data Path Delay:        1.889ns  (logic 1.358ns (71.905%)  route 0.531ns (28.095%))
  Logic Levels:           1  (OBUF=1)
  Clock Uncertainty:      0.025ns  ((TSJ^2 + TIJ^2)^1/2 + DJ) / 2 + PE
    Total System Jitter     (TSJ):    0.050ns
    Total Input Jitter      (TIJ):    0.000ns
    Discrete Jitter          (DJ):    0.000ns
    Phase Error              (PE):    0.000ns

    Location             Delay type                Incr(ns)  Path(ns)    Netlist Resource(s)
  -------------------------------------------------------------------    -------------------
                         (clock clk_50mhz rise edge)
                                                      0.000     0.000 r  <hidden>
    B6                                                0.000     0.000 r  clk_50mhz
                         net (fo=0)                   0.000     0.000    clk_50mhz
    B6                   IBUF (Prop_ibuf_I_O)         0.268     0.268 r  clk_50mhz_IBUF_inst/O
                         net (fo=1, routed)           0.808     1.075    clk_50mhz_IBUF
    BUFGCTRL_X0Y16       BUFG (Prop_bufg_I_O)         0.026     1.101 r  clk_50mhz_IBUF_BUFG_inst/O
                         net (fo=93, routed)          0.670     1.771    clk_50mhz_IBUF_BUFG
    SLICE_X85Y168        FDCE                                         r  lcd_rs_reg/C
  -------------------------------------------------------------------    -------------------
    SLICE_X85Y168        FDCE (Prop_fdce_C_Q)         0.141     1.912 r  lcd_rs_reg/Q
                         net (fo=1, routed)           0.531     2.443    lcd_rs_OBUF
    G6                   OBUF (Prop_obuf_I_O)         1.217     3.661 r  lcd_rs_OBUF_inst/O
                         net (fo=0)                   0.000     3.661    lcd_rs
    G6                                                                r  lcd_rs
  -------------------------------------------------------------------    -------------------

Slack:                    inf
  Source:                 lcd_data_reg[7]/C
                            (rising edge-triggered cell FDCE clocked by clk_50mhz  {rise@0.000ns fall@10.000ns period=20.000ns})
  Destination:            lcd_data[7]
                            (output port)
  Path Group:             (none)
  Path Type:              Min at Fast Process Corner
  Data Path Delay:        1.895ns  (logic 1.401ns (73.957%)  route 0.493ns (26.043%))
  Logic Levels:           1  (OBUF=1)
  Clock Uncertainty:      0.025ns  ((TSJ^2 + TIJ^2)^1/2 + DJ) / 2 + PE
    Total System Jitter     (TSJ):    0.050ns
    Total Input Jitter      (TIJ):    0.000ns
    Discrete Jitter          (DJ):    0.000ns
    Phase Error              (PE):    0.000ns

    Location             Delay type                Incr(ns)  Path(ns)    Netlist Resource(s)
  -------------------------------------------------------------------    -------------------
                         (clock clk_50mhz rise edge)
                                                      0.000     0.000 r  <hidden>
    B6                                                0.000     0.000 r  clk_50mhz
                         net (fo=0)                   0.000     0.000    clk_50mhz
    B6                   IBUF (Prop_ibuf_I_O)         0.268     0.268 r  clk_50mhz_IBUF_inst/O
                         net (fo=1, routed)           0.808     1.075    clk_50mhz_IBUF
    BUFGCTRL_X0Y16       BUFG (Prop_bufg_I_O)         0.026     1.101 r  clk_50mhz_IBUF_BUFG_inst/O
                         net (fo=93, routed)          0.673     1.774    clk_50mhz_IBUF_BUFG
    SLICE_X85Y164        FDCE                                         r  lcd_data_reg[7]/C
  -------------------------------------------------------------------    -------------------
    SLICE_X85Y164        FDCE (Prop_fdce_C_Q)         0.141     1.915 r  lcd_data_reg[7]/Q
                         net (fo=1, routed)           0.493     2.409    lcd_data_OBUF[7]
    D1                   OBUF (Prop_obuf_I_O)         1.260     3.669 r  lcd_data_OBUF[7]_inst/O
                         net (fo=0)                   0.000     3.669    lcd_data[7]
    D1                                                                r  lcd_data[7]
  -------------------------------------------------------------------    -------------------

Slack:                    inf
  Source:                 lcd_data_reg[5]/C
                            (rising edge-triggered cell FDCE clocked by clk_50mhz  {rise@0.000ns fall@10.000ns period=20.000ns})
  Destination:            lcd_data[5]
                            (output port)
  Path Group:             (none)
  Path Type:              Min at Fast Process Corner
  Data Path Delay:        1.924ns  (logic 1.371ns (71.255%)  route 0.553ns (28.745%))
  Logic Levels:           1  (OBUF=1)
  Clock Uncertainty:      0.025ns  ((TSJ^2 + TIJ^2)^1/2 + DJ) / 2 + PE
    Total System Jitter     (TSJ):    0.050ns
    Total Input Jitter      (TIJ):    0.000ns
    Discrete Jitter          (DJ):    0.000ns
    Phase Error              (PE):    0.000ns

    Location             Delay type                Incr(ns)  Path(ns)    Netlist Resource(s)
  -------------------------------------------------------------------    -------------------
                         (clock clk_50mhz rise edge)
                                                      0.000     0.000 r  <hidden>
    B6                                                0.000     0.000 r  clk_50mhz
                         net (fo=0)                   0.000     0.000    clk_50mhz
    B6                   IBUF (Prop_ibuf_I_O)         0.268     0.268 r  clk_50mhz_IBUF_inst/O
                         net (fo=1, routed)           0.808     1.075    clk_50mhz_IBUF
    BUFGCTRL_X0Y16       BUFG (Prop_bufg_I_O)         0.026     1.101 r  clk_50mhz_IBUF_BUFG_inst/O
                         net (fo=93, routed)          0.670     1.771    clk_50mhz_IBUF_BUFG
    SLICE_X85Y168        FDCE                                         r  lcd_data_reg[5]/C
  -------------------------------------------------------------------    -------------------
    SLICE_X85Y168        FDCE (Prop_fdce_C_Q)         0.141     1.912 r  lcd_data_reg[5]/Q
                         net (fo=1, routed)           0.553     2.465    lcd_data_OBUF[5]
    C5                   OBUF (Prop_obuf_I_O)         1.230     3.695 r  lcd_data_OBUF[5]_inst/O
                         net (fo=0)                   0.000     3.695    lcd_data[5]
    C5                                                                r  lcd_data[5]
  -------------------------------------------------------------------    -------------------

Slack:                    inf
  Source:                 lcd_e_reg/C
                            (rising edge-triggered cell FDCE clocked by clk_50mhz  {rise@0.000ns fall@10.000ns period=20.000ns})
  Destination:            lcd_e
                            (output port)
  Path Group:             (none)
  Path Type:              Min at Fast Process Corner
  Data Path Delay:        2.106ns  (logic 1.404ns (66.705%)  route 0.701ns (33.295%))
  Logic Levels:           1  (OBUF=1)
  Clock Uncertainty:      0.025ns  ((TSJ^2 + TIJ^2)^1/2 + DJ) / 2 + PE
    Total System Jitter     (TSJ):    0.050ns
    Total Input Jitter      (TIJ):    0.000ns
    Discrete Jitter          (DJ):    0.000ns
    Phase Error              (PE):    0.000ns

    Location             Delay type                Incr(ns)  Path(ns)    Netlist Resource(s)
  -------------------------------------------------------------------    -------------------
                         (clock clk_50mhz rise edge)
                                                      0.000     0.000 r  <hidden>
    B6                                                0.000     0.000 r  clk_50mhz
                         net (fo=0)                   0.000     0.000    clk_50mhz
    B6                   IBUF (Prop_ibuf_I_O)         0.268     0.268 r  clk_50mhz_IBUF_inst/O
                         net (fo=1, routed)           0.808     1.075    clk_50mhz_IBUF
    BUFGCTRL_X0Y16       BUFG (Prop_bufg_I_O)         0.026     1.101 r  clk_50mhz_IBUF_BUFG_inst/O
                         net (fo=93, routed)          0.672     1.773    clk_50mhz_IBUF_BUFG
    SLICE_X84Y166        FDCE                                         r  lcd_e_reg/C
  -------------------------------------------------------------------    -------------------
    SLICE_X84Y166        FDCE (Prop_fdce_C_Q)         0.164     1.937 r  lcd_e_reg/Q
                         net (fo=1, routed)           0.701     2.639    lcd_e_OBUF
    A6                   OBUF (Prop_obuf_I_O)         1.240     3.879 r  lcd_e_OBUF_inst/O
                         net (fo=0)                   0.000     3.879    lcd_e
    A6                                                                r  lcd_e
  -------------------------------------------------------------------    -------------------





